Tên xe,Năm sản xuất,Tình trạng,Số km đã đi,Xuất xứ,Kiểu dáng,Hộp số,Động cơ,Màu ngoại thất,Màu nội thất,Dẫn động sau,Số chỗ ngồi,Giá xe
Xe Toyota Corolla Cross 1.8V,2022,Xe đã dùng,"3,000 Km",Nhập khẩu,SUV,Số tự động,Xăng  1.8 L,Trắng,Nâu,FWD - Dẫn động cầu trước,5 chỗ,810 Triệu
Xe BMW 5 Series 530i Luxury Line,2019,Xe đã dùng,"37,000 Km",Nhập khẩu,Sedan,Số tự động,Xăng  2.0 L,Xanh,Nhiều màu,RFD - Dẫn động cầu sau,5 chỗ,1 Tỷ 480 Triệu
Xe Mercedes Benz C class C200 Avantgarde Plus,2022,Xe đã dùng,"6,500 Km",Lắp ráp trong nước,Sedan,Số tự động,Xăng  1.5 L,Trắng,Đen,RFD - Dẫn động cầu sau,5 chỗ,1 Tỷ 590 Triệu
Xe Mazda 3 1.5 AT,2016,Xe đã dùng,"67,000 Km",Lắp ráp trong nước,Sedan,Số tự động,Xăng  1.5 L,Đỏ,Đen,FWD - Dẫn động cầu trước,5 chỗ,412 Triệu
Xe Lexus ES 250,2022,Xe đã dùng,"5,000 Km",Nhập khẩu,Sedan,Số tự động,Xăng  2.5 L,Xanh,Nâu,FWD - Dẫn động cầu trước,5 chỗ,2 Tỷ 300 Triệu
Xe Toyota Innova G 2.0 AT,2020,Xe đã dùng,"45,000 Km",Lắp ráp trong nước,Crossover,Số tự động,Xăng  2.0 L,Đồng,-,RFD - Dẫn động cầu sau,8 chỗ,675 Triệu
Xe Lexus ES 250,2022,Xe đã dùng,"5,000 Km",Nhập khẩu,Sedan,Số tự động,Xăng  2.5 L,Xanh,Nâu,FWD - Dẫn động cầu trước,5 chỗ,2 Tỷ 290 Triệu
Xe Toyota Camry LE 2.4,2007,Xe đã dùng,0 Km,Nhập khẩu,Sedan,Số tự động,Xăng  2.4 L,Bạc,Ghi,FWD - Dẫn động cầu trước,5 chỗ,295 Triệu
Xe Mazda 3 2.0L Sport Signature Premium,2021,Xe đã dùng,"21,000 Km",Lắp ráp trong nước,Hatchback,Số tự động,Xăng  2.0 L,Đỏ,Đỏ,FWD - Dẫn động cầu trước,5 chỗ,699 Triệu
Xe Mazda 3 1.5L Luxury,2020,Xe đã dùng,"40,000 Km",Lắp ráp trong nước,Sedan,Số tự động,Xăng  1.5 L,Đỏ,Đen,FWD - Dẫn động cầu trước,5 chỗ,525 Triệu
Xe Mazda 323 1.6 MT,2000,Xe đã dùng,"386,899 Km",Lắp ráp trong nước,Sedan,Số tay,Xăng  1.6 L,Đen,Ghi,FWD - Dẫn động cầu trước,5 chỗ,39 Triệu
Xe Toyota Zace GL,2004,Xe đã dùng,0 Km,Lắp ráp trong nước,SUV,Số tay,Xăng  1.8 L,Xanh,Ghi,RFD - Dẫn động cầu sau,8 chỗ,72 Triệu
Xe Mazda 626 2.0 MT,1999,Xe đã dùng,0 Km,Lắp ráp trong nước,Sedan,Số tay,Xăng  2.0 L,Đen,Cát,FWD - Dẫn động cầu trước,5 chỗ,65 Triệu
Xe LandRover Range Rover Autobiography 3.0,2016,Xe đã dùng,"66,000 Km",Nhập khẩu,SUV,Số tự động,Dầu  3.0 L,Đen,Nâu,AWD - 4 bánh toàn thời gian,5 chỗ,3 Tỷ 390 Triệu
Xe Toyota Crown Super Saloon 3.0 MT,1993,Xe đã dùng,0 Km,Nhập khẩu,Sedan,Số tay,Xăng  3.0 L,Trắng,Xanh,RFD - Dẫn động cầu sau,5 chỗ,250 Triệu
Xe Mercedes Benz GLC 200,2019,Xe đã dùng,"47,000 Km",Lắp ráp trong nước,SUV,Số tự động,Xăng  2.0 L,Đen,Nâu,RFD - Dẫn động cầu sau,5 chỗ,1 Tỷ 99 Triệu
Xe Lexus RX 300,2020,Xe đã dùng,"27,000 Km",Nhập khẩu,SUV,Số tự động,Xăng  2.0 L,Trắng,Nâu,AWD - 4 bánh toàn thời gian,5 chỗ,2 Tỷ 868 Triệu
Xe Lexus RX 300,2022,Xe đã dùng,"9,000 Km",Nhập khẩu,SUV,Số tự động,Xăng  2.0 L,Trắng,Nâu,AWD - 4 bánh toàn thời gian,5 chỗ,3 Tỷ 200 Triệu
Xe Mercedes Benz C class C200 Exclusive,2018,Xe đã dùng,"80,000 Km",Lắp ráp trong nước,Sedan,Số tự động,Hybrid  1.5 L,Đen,Kem,RFD - Dẫn động cầu sau,5 chỗ,939 Triệu
Xe Kia K3 Premium 2.0 AT,2022,Xe đã dùng,"19,000 Km",Lắp ráp trong nước,Sedan,Số tự động,Xăng  2.0 L,Ghi,Nhiều màu,FWD - Dẫn động cầu trước,5 chỗ,600 Triệu
Xe Mercedes Benz C class C300 AMG,2022,Xe đã dùng,30 Km,Lắp ráp trong nước,Sedan,Số tự động,Xăng  2.0 L,Xanh,Đen,RFD - Dẫn động cầu sau,5 chỗ,1 Tỷ 929 Triệu
Xe Ford Everest Titanium 2.0L 4x2 AT,2019,Xe đã dùng,"58,000 Km",Nhập khẩu,SUV,Số tự động,Dầu  2.0 L,Cát,Đen,RFD - Dẫn động cầu sau,7 chỗ,838 Triệu
Xe Toyota Fortuner TRD Sportivo 4x2 AT,2015,Xe đã dùng,"62,000 Km",Lắp ráp trong nước,SUV,Số tự động,Xăng  2.7 L,Trắng,Kem,RFD - Dẫn động cầu sau,7 chỗ,520 Triệu
Xe Ford Everest 2.5L 4x2 AT,2014,Xe đã dùng,"73,000 Km",Lắp ráp trong nước,SUV,Số tự động,Dầu  2.5 L,Vàng,Xám,RFD - Dẫn động cầu sau,7 chỗ,480 Triệu
Xe Ford EcoSport Titanium 1.5L AT,2018,Xe đã dùng,"61,000 Km",Lắp ráp trong nước,SUV,Số tự động,Xăng  1.5 L,Trắng,Đen,FWD - Dẫn động cầu trước,5 chỗ,428 Triệu
Xe Ford Ranger Wildtrak 2.0L 4x4 AT,2023,Xe mới,Xe mới,Lắp ráp trong nước,Bán tải / Pickup,Số tự động,Dầu  2.0 L,Cam,Đen,4WD - Dẫn động 4 bánh,5 chỗ,979 Triệu
Xe Ford Ranger Raptor 2.0L 4x4 AT,2021,Xe đã dùng,"20,000 Km",Nhập khẩu,Bán tải / Pickup,Số tự động,Dầu  2.0 L,Đen,Đen,4WD - Dẫn động 4 bánh,5 chỗ,1 Tỷ 38 Triệu
Xe Peugeot 3008 Allure 1.6 AT,2021,Xe đã dùng,"26,000 Km",Lắp ráp trong nước,Crossover,Số tự động,Xăng  1.6 L,Đỏ,Đen,FWD - Dẫn động cầu trước,5 chỗ,799 Triệu
Xe Chevrolet Spark LT 1.2 MT,2012,Xe đã dùng,"150,000 Km",Lắp ráp trong nước,Hatchback,Số tay,Xăng  1.2 L,Xanh,Nhiều màu,FWD - Dẫn động cầu trước,5 chỗ,120 Triệu
Xe Mercedes Benz GLE Class GLE 450 4Matic,2022,Xe đã dùng,50 Km,Nhập khẩu,SUV,Số tự động,Xăng  3.0 L,Trắng,Đen,AWD - 4 bánh toàn thời gian,7 chỗ,4 Tỷ 399 Triệu
Xe VinFast Lux A 2.0 Premium 2.0 AT,2021,Xe đã dùng,"29,000 Km",Lắp ráp trong nước,Sedan,Số tự động,Xăng  2.0 L,Đen,Đen,RFD - Dẫn động cầu sau,5 chỗ,660 Triệu
Xe VinFast Lux SA 2.0 Plus 2.0 AT,2021,Xe đã dùng,"49,000 Km",Lắp ráp trong nước,SUV,Số tự động,Xăng  2.0 L,Trắng,Nâu,RFD - Dẫn động cầu sau,7 chỗ,770 Triệu
Xe Toyota Yaris 1.3 AT,2007,Xe đã dùng,"120,000 Km",Nhập khẩu,Sedan,Số tự động,Xăng  1.3 L,Đen,Kem,FWD - Dẫn động cầu trước,5 chỗ,220 Triệu
Xe VinFast Lux A 2.0 Plus 2.0 AT,2021,Xe đã dùng,"26,000 Km",Lắp ráp trong nước,Sedan,Số tự động,Xăng  2.0 L,Đỏ,Nâu,RFD - Dẫn động cầu sau,5 chỗ,605 Triệu
Xe Mercedes Benz GLC 200 4Matic,2022,Xe đã dùng,16 Km,Lắp ráp trong nước,SUV,Số tự động,Xăng  2.0 L,Xám,Đen,AWD - 4 bánh toàn thời gian,5 chỗ,1 Tỷ 859 Triệu
Xe Toyota Yaris 1.5G,2017,Xe đã dùng,"46,000 Km",Nhập khẩu,Hatchback,Số tự động,Xăng  1.5 L,Đỏ,Nâu,FWD - Dẫn động cầu trước,5 chỗ,445 Triệu
Xe Ford EcoSport Titanium 1.5L AT,2019,Xe đã dùng,"59,000 Km",Lắp ráp trong nước,SUV,Số tự động,Xăng  1.5 L,Trắng,Đen,FWD - Dẫn động cầu trước,5 chỗ,449 Triệu
Xe Kia Sorento GATH 2.4L 2WD,2014,Xe đã dùng,"91,000 Km",Lắp ráp trong nước,SUV,Số tự động,Xăng  2.4 L,Đen,Đen,FWD - Dẫn động cầu trước,7 chỗ,460 Triệu
Xe Ford Everest Titanium 2.0L 4x4 AT,2020,Xe đã dùng,"42,000 Km",Nhập khẩu,SUV,Số tự động,Dầu  2.0 L,Đen,Đen,4WD - Dẫn động 4 bánh,7 chỗ,989 Triệu
Xe Ford Ranger XLS 2.2L 4x2 AT,2020,Xe đã dùng,"38,000 Km",Nhập khẩu,Bán tải / Pickup,Số tự động,Dầu  2.2 L,Đen,Đen,RFD - Dẫn động cầu sau,5 chỗ,518 Triệu
Xe Ford Ranger XLS 2.0L 4x2 AT,2023,Xe mới,Xe mới,Lắp ráp trong nước,Bán tải / Pickup,Số tự động,Dầu  2.0 L,Trắng,Đen,RFD - Dẫn động cầu sau,5 chỗ,707 Triệu
Xe Hyundai Creta Đặc biệt 1.5 AT,2022,Xe đã dùng,"22,000 Km",Nhập khẩu,Crossover,Số tự động,Xăng  1.5 L,Đỏ,Đen,FWD - Dẫn động cầu trước,5 chỗ,629 Triệu
Xe Kia Cerato 2.0 AT Premium,2021,Xe đã dùng,"17,288 Km",Lắp ráp trong nước,Sedan,Số tự động,Xăng  2.0 L,Trắng,Đen,FWD - Dẫn động cầu trước,5 chỗ,570 Triệu
Xe Ford Everest 2.5L 4x2 AT,2008,Xe đã dùng,"50,000 Km",Lắp ráp trong nước,SUV,Số tự động,Dầu  2.5 L,Đen,Cát,RFD - Dẫn động cầu sau,7 chỗ,265 Triệu
Xe Mercedes Benz C class C200 Avantgarde Plus,2022,Xe đã dùng,"8,400 Km",Lắp ráp trong nước,Sedan,Số tự động,Xăng  1.5 L,Đỏ,Đen,RFD - Dẫn động cầu sau,5 chỗ,1 Tỷ 539 Triệu
Xe Toyota Yaris 1.3 AT,2007,Xe đã dùng,"12,000 Km",Nhập khẩu,Sedan,Số tự động,Xăng  1.3 L,Đen,Kem,FWD - Dẫn động cầu trước,5 chỗ,210 Triệu
Xe Isuzu Dmax LS 3.0 4x2 AT,2008,Xe đã dùng,"80,000 Km",Lắp ráp trong nước,Bán tải / Pickup,Số tự động,Dầu  3.0 L,Đỏ,Kem,RFD - Dẫn động cầu sau,5 chỗ,219 Triệu
Xe Toyota Camry 3.0V,2003,Xe đã dùng,"50,000 Km",Lắp ráp trong nước,Sedan,Số tự động,Xăng  3.0 L,Đen,Ghi,FWD - Dẫn động cầu trước,5 chỗ,168 Triệu
Xe Nissan Navara XE 2.5AT 4WD,2012,Xe đã dùng,"20,000 Km",Nhập khẩu,Bán tải / Pickup,Số tự động,Dầu  2.5 L,Bạc,Ghi,4WD - Dẫn động 4 bánh,5 chỗ,269 Triệu
Xe Ford Focus Sport 1.5L,2016,Xe đã dùng,"60,000 Km",Lắp ráp trong nước,Hatchback,Số tự động,Xăng  1.5 L,Trắng,Kem,FWD - Dẫn động cầu trước,5 chỗ,445 Triệu
Xe Chevrolet Captiva LT Maxx 2.0 MT,2009,Xe đã dùng,0 Km,Lắp ráp trong nước,SUV,Số tay,Dầu  2.0 L,Đen,Kem,FWD - Dẫn động cầu trước,7 chỗ,250 Triệu
Xe Ford Everest Titanium 2.0L 4x2 AT,2022,Xe đã dùng,"12,000 Km",Nhập khẩu,SUV,Số tự động,Dầu  2.0 L,Đen,Đen,RFD - Dẫn động cầu sau,7 chỗ,1 Tỷ 185 Triệu
Xe Mercedes Benz GLB 35 4Matic,2022,Xe đã dùng,30 Km,Nhập khẩu,SUV,Số tự động,Xăng  2.0 L,Đen,Đen,AWD - 4 bánh toàn thời gian,7 chỗ,2 Tỷ 679 Triệu
Xe Ford Fiesta S 1.0 AT Ecoboost,2018,Xe đã dùng,"39,000 Km",Lắp ráp trong nước,Hatchback,Số tự động,Xăng  1.0 L,Nâu,Đen,FWD - Dẫn động cầu trước,5 chỗ,348 Triệu
Xe Mercedes Benz GLC 300 4Matic,2022,Xe đã dùng,"9,900 Km",Lắp ráp trong nước,SUV,Số tự động,Xăng  2.0 L,Xám,Đen,AWD - 4 bánh toàn thời gian,5 chỗ,2 Tỷ 199 Triệu
Xe Mercedes Benz C class C200 Avantgarde Plus,2022,Xe đã dùng,30 Km,Lắp ráp trong nước,Sedan,Số tự động,Xăng  1.5 L,Đỏ,Đen,RFD - Dẫn động cầu sau,5 chỗ,1 Tỷ 679 Triệu
Xe Ford Everest Titanium 2.2L 4x2 AT,2016,Xe đã dùng,"90,000 Km",Nhập khẩu,SUV,Số tự động,Dầu  2.2 L,Đen,Đen,RFD - Dẫn động cầu sau,7 chỗ,689 Triệu
Xe Ford Everest Titanium 2.0L 4x2 AT,2018,Xe đã dùng,"60,000 Km",Nhập khẩu,SUV,Số tự động,Dầu  2.0 L,Trắng,Đen,RFD - Dẫn động cầu sau,7 chỗ,765 Triệu
Xe Toyota Prado TXL 2.7L,2014,Xe đã dùng,"230,000 Km",Nhập khẩu,SUV,Số tự động,Xăng  2.7 L,Đen,Đen,4WD - Dẫn động 4 bánh,7 chỗ,998 Triệu
Xe Toyota Land Cruiser 4.6 V8,2019,Xe đã dùng,"72,000 Km",Nhập khẩu,SUV,Số tự động,Xăng  4.6 L,Đen,Đen,AWD - 4 bánh toàn thời gian,8 chỗ,3 Tỷ 755 Triệu
Xe Ford Fiesta S 1.0 AT Ecoboost,2017,Xe đã dùng,"52,000 Km",Lắp ráp trong nước,Hatchback,Số tự động,Xăng  1.0 L,Đỏ,Đen,FWD - Dẫn động cầu trước,5 chỗ,339 Triệu
Xe Mercedes Benz GLC 200 4Matic,2023,Xe đã dùng,"1,200 Km",Lắp ráp trong nước,SUV,Số tự động,Xăng  2.0 L,Trắng,Nâu,AWD - 4 bánh toàn thời gian,5 chỗ,2 Tỷ 169 Triệu
Xe Ford Focus Titanium 2.0 AT,2015,Xe đã dùng,"85,000 Km",Lắp ráp trong nước,Sedan,Số tự động,Xăng  2.0 L,Trắng,Kem,FWD - Dẫn động cầu trước,5 chỗ,340 Triệu
Xe Ford Focus 2.0 AT Ghia,2011,Xe đã dùng,"93,000 Km",Lắp ráp trong nước,Sedan,Số tự động,Xăng  2.0 L,Vàng,Kem,FWD - Dẫn động cầu trước,5 chỗ,249 Triệu
Xe Toyota Vios G 1.5 CVT,2021,Xe đã dùng,"30,379 Km",Lắp ráp trong nước,Sedan,Số tự động,Xăng  1.5 L,Đỏ,Kem,FWD - Dẫn động cầu trước,5 chỗ,485 Triệu
Xe Mercedes Benz E class E200 Exclusive,2022,Xe đã dùng,19 Km,Lắp ráp trong nước,Sedan,Số tự động,Xăng  2.0 L,Trắng,Nâu,RFD - Dẫn động cầu sau,5 chỗ,2 Tỷ 150 Triệu
Xe Mercedes Benz GLC 300 4Matic,2023,Xe đã dùng,909 Km,Lắp ráp trong nước,SUV,Số tự động,Xăng  2.0 L,Trắng,Đen,AWD - 4 bánh toàn thời gian,5 chỗ,2 Tỷ 669 Triệu
Xe Toyota 4 Runner Limited,2018,Xe đã dùng,"53,000 Km",Nhập khẩu,SUV,Số tự động,Xăng  4.0 L,Trắng,Nâu,AWD - 4 bánh toàn thời gian,7 chỗ,2 Tỷ 650 Triệu
Xe Porsche Panamera 3.6 V6,2015,Xe đã dùng,"30,000 Km",Nhập khẩu,Sedan,Số tự động,Xăng  3.6 L,Nâu,Kem,RFD - Dẫn động cầu sau,4 chỗ,2 Tỷ 399 Triệu
Xe Lexus ES 250,2020,Xe đã dùng,"50,000 Km",Nhập khẩu,Sedan,Số tự động,Xăng  2.5 L,Trắng,Nâu,FWD - Dẫn động cầu trước,5 chỗ,1 Tỷ 999 Triệu
Xe Mercedes Benz C class C300 AMG,2016,Xe đã dùng,"110,000 Km",Lắp ráp trong nước,Sedan,Số tự động,Xăng  2.0 L,Trắng,Đỏ,RFD - Dẫn động cầu sau,5 chỗ,799 Triệu
Xe Mercedes Benz E class E200 Exclusive,2022,Xe đã dùng,"9,000 Km",Lắp ráp trong nước,Sedan,Số tự động,Xăng  2.0 L,Đen,Đen,RFD - Dẫn động cầu sau,5 chỗ,2 Tỷ 189 Triệu
Xe Toyota Camry 2.0Q,2021,Xe đã dùng,"38,000 Km",Nhập khẩu,Sedan,Số tự động,Xăng  2.0 L,Trắng,Kem,FWD - Dẫn động cầu trước,5 chỗ,1 Tỷ 60 Triệu
Xe Kia Carens S SX 2.0 AT,2014,Xe đã dùng,"120,000 Km",Lắp ráp trong nước,Crossover,Số tự động,Xăng  2.0 L,Nâu,Đen,FWD - Dẫn động cầu trước,7 chỗ,325 Triệu
Xe Audi Q7 2.0 AT,2016,Xe đã dùng,"75,000 Km",Nhập khẩu,SUV,Số tự động,Xăng  2.0 L,Trắng,Nâu,AWD - 4 bánh toàn thời gian,7 chỗ,1 Tỷ 550 Triệu
Xe Mitsubishi Outlander Premium 2.0 CVT,2023,Xe mới,Xe mới,Lắp ráp trong nước,SUV,Số tự động,Xăng  2.0 L,Đỏ,Đen,FWD - Dẫn động cầu trước,7 chỗ,845 Triệu
Xe Ford Ranger XLS 2.2L 4x2 AT,2022,Xe đã dùng,"30,000 Km",Lắp ráp trong nước,Bán tải / Pickup,Số tự động,Dầu  2.2 L,Xám,Đen,RFD - Dẫn động cầu sau,5 chỗ,568 Triệu
Xe Mercedes Benz C class C200 Avantgarde Plus,2022,Xe đã dùng,50 Km,Lắp ráp trong nước,Sedan,Số tự động,Xăng  1.5 L,Đen,Nâu,RFD - Dẫn động cầu sau,5 chỗ,1 Tỷ 689 Triệu
Xe Ford Ranger XLS 2.2L 4x2 AT,2020,Xe đã dùng,"28,000 Km",Nhập khẩu,Bán tải / Pickup,Số tự động,Dầu  2.2 L,Cát,Đen,RFD - Dẫn động cầu sau,5 chỗ,539 Triệu
Xe Ford Ranger XLS 2.0L 4x2 AT,2023,Xe đã dùng,"4,900 Km",Lắp ráp trong nước,Bán tải / Pickup,Số tự động,Dầu  2.0 L,Đỏ,Đen,RFD - Dẫn động cầu sau,5 chỗ,642 Triệu
Xe Mercedes Benz GLC 300 4Matic,2022,Xe đã dùng,"1,089 Km",Lắp ráp trong nước,SUV,Số tự động,Xăng  2.0 L,Trắng,Đen,AWD - 4 bánh toàn thời gian,5 chỗ,2 Tỷ 250 Triệu
Xe Toyota Camry 2.4G,2010,Xe đã dùng,"100,009 Km",Lắp ráp trong nước,Sedan,Số tự động,Xăng  2.4 L,Đen,Kem,FWD - Dẫn động cầu trước,5 chỗ,369 Triệu
Xe Chevrolet Spark Lite Van 0.8 MT,2014,Xe đã dùng,"15,847 Km",Lắp ráp trong nước,Van/Minivan,Số tay,Xăng  0.8 L,Đỏ,Đỏ,FWD - Dẫn động cầu trước,2 chỗ,79 Triệu
Xe BMW 3 Series 325i,2007,Xe đã dùng,"2,000,000 Km",Nhập khẩu,Sedan,Số tự động,Xăng  3.0 L,Đen,Đen,RFD - Dẫn động cầu sau,5 chỗ,268 Triệu
Xe Ford Everest Titanium 2.0L 4x2 AT,2019,Xe đã dùng,"50,000 Km",Nhập khẩu,SUV,Số tự động,Dầu  2.0 L,Đen,Đen,RFD - Dẫn động cầu sau,7 chỗ,868 Triệu
Xe Mercedes Benz Maybach S450 4Matic,2017,Xe đã dùng,"32,000 Km",Nhập khẩu,Sedan,Số tự động,Xăng  3.0 L,Trắng,Kem,AWD - 4 bánh toàn thời gian,5 chỗ,3 Tỷ 999 Triệu
Xe Mercedes Benz GLC 200,2022,Xe đã dùng,"18,000 Km",Lắp ráp trong nước,SUV,Số tự động,Xăng  2.0 L,Trắng,Kem,RFD - Dẫn động cầu sau,5 chỗ,1 Tỷ 559 Triệu
Xe BMW X3 xDrive30i xLine,2019,Xe đã dùng,"20,000 Km",Nhập khẩu,SUV,Số tự động,Xăng  2.0 L,Trắng,Nâu,AWD - 4 bánh toàn thời gian,5 chỗ,1 Tỷ 699 Triệu
Xe Mercedes Benz C class C180 AMG,2020,Xe đã dùng,"12,500 Km",Lắp ráp trong nước,Sedan,Số tự động,Xăng  1.5 L,Xám,Kem,RFD - Dẫn động cầu sau,5 chỗ,1 Tỷ 39 Triệu
Xe Mercedes Benz GLC 200,2021,Xe đã dùng,"37,000 Km",Lắp ráp trong nước,SUV,Số tự động,Xăng  2.0 L,Trắng,Kem,RFD - Dẫn động cầu sau,5 chỗ,1 Tỷ 459 Triệu
Xe Maserati Levante 3.0 V6,2018,Xe đã dùng,"19,500 Km",Nhập khẩu,SUV,Số tự động,Xăng  3.0 L,Đen,Nâu,AWD - 4 bánh toàn thời gian,5 chỗ,2 Tỷ 999 Triệu
Xe Toyota Vios 1.5E CVT,2020,Xe đã dùng,"15,000 Km",Lắp ráp trong nước,Sedan,Số tự động,Xăng  1.5 L,Cát,Ghi,FWD - Dẫn động cầu trước,5 chỗ,475 Triệu
Xe Mercedes Benz GLB 35 4Matic,2022,Xe đã dùng,500 Km,Nhập khẩu,SUV,Số tự động,Xăng  2.0 L,Đen,Đen,AWD - 4 bánh toàn thời gian,7 chỗ,2 Tỷ 699 Triệu
Xe Honda City L 1.5 AT,2022,Xe đã dùng,"18,000 Km",Lắp ráp trong nước,Sedan,Số tự động,Xăng  1.5 L,Trắng,Đen,FWD - Dẫn động cầu trước,5 chỗ,479 Triệu
Xe Mercedes Benz GLC 200,2021,Xe đã dùng,"15,000 Km",Lắp ráp trong nước,SUV,Số tự động,Xăng  2.0 L,Đen,Đen,RFD - Dẫn động cầu sau,5 chỗ,1 Tỷ 399 Triệu
Xe Ford Everest Titanium 2.0L 4x4 AT,2020,Xe đã dùng,"65,000 Km",Nhập khẩu,SUV,Số tự động,Dầu  2.0 L,Xanh,Đen,4WD - Dẫn động 4 bánh,7 chỗ,855 Triệu
Xe Toyota Wigo 1.2G MT,2018,Xe đã dùng,"68,000 Km",Nhập khẩu,Hatchback,Số tay,Xăng  1.2 L,Trắng,Nhiều màu,FWD - Dẫn động cầu trước,5 chỗ,220 Triệu
Xe Suzuki Swift GLX 1.2 AT,2019,Xe đã dùng,"30,000 Km",Nhập khẩu,Hatchback,Số tự động,Xăng  1.2 L,Đỏ,Nâu,FWD - Dẫn động cầu trước,5 chỗ,450 Triệu
Xe Hyundai Accent 1.4 AT,2021,Xe đã dùng,"19,000 Km",Lắp ráp trong nước,Sedan,Số tự động,Xăng  1.4 L,Đỏ,Đen,FWD - Dẫn động cầu trước,5 chỗ,430 Triệu
Xe Mercedes Benz GLC 300 4Matic,2022,Xe đã dùng,"9,000 Km",Lắp ráp trong nước,SUV,Số tự động,Xăng  2.0 L,Ghi,Đen,AWD - 4 bánh toàn thời gian,5 chỗ,2 Tỷ 189 Triệu
Xe Ford Ranger XLS 2.2L 4x2 AT,2019,Xe đã dùng,"91,000 Km",Nhập khẩu,Bán tải / Pickup,Số tự động,Dầu  2.2 L,Trắng,Đen,RFD - Dẫn động cầu sau,5 chỗ,488 Triệu
Xe Toyota Innova G 2.0 AT,2020,Xe đã dùng,"75,000 Km",Lắp ráp trong nước,Crossover,Số tự động,Xăng  2.0 L,Nâu,Đen,RFD - Dẫn động cầu sau,8 chỗ,685 Triệu
Xe Honda Accord 2.0 AT,2010,Xe đã dùng,"90,000 Km",Nhập khẩu,Sedan,Số tự động,Xăng  2.0 L,Xám,Đen,FWD - Dẫn động cầu trước,5 chỗ,360 Triệu
Xe Toyota Camry 2.0Q,2021,Xe đã dùng,"30,000 Km",Nhập khẩu,Sedan,Số tự động,Xăng  2.0 L,Trắng,Kem,FWD - Dẫn động cầu trước,5 chỗ,1 Tỷ 60 Triệu
Xe Porsche 718 Cayman 2.0 AT,2022,Xe đã dùng,"3,789 Km",Nhập khẩu,Coupe,Số tự động,Xăng  2.0 L,Xanh,Đen,RFD - Dẫn động cầu sau,2 chỗ,4 Tỷ 790 Triệu
Xe BMW X3 xDrive30i M Sport,2019,Xe đã dùng,"28,000 Km",Nhập khẩu,SUV,Số tự động,Xăng  2.0 L,Đen,Kem,AWD - 4 bánh toàn thời gian,5 chỗ,1 Tỷ 739 Triệu
Xe Mazda CX5 2.5 AT 2WD,2017,Xe đã dùng,"72,000 Km",Lắp ráp trong nước,SUV,Số tự động,Xăng  2.5 L,Trắng,Đen,FWD - Dẫn động cầu trước,5 chỗ,555 Triệu
Xe Suzuki XL7 1.5 AT,2022,Xe đã dùng,"15,000 Km",Nhập khẩu,SUV,Số tự động,Xăng  1.5 L,Cam,Đen,FWD - Dẫn động cầu trước,7 chỗ,545 Triệu
Xe Ford EcoSport Titanium 1.5L AT,2015,Xe đã dùng,"79,999 Km",Lắp ráp trong nước,SUV,Số tự động,Xăng  1.5 L,Xám,Xám,FWD - Dẫn động cầu trước,5 chỗ,309 Triệu
Xe Mazda CX5 Deluxe 2.0 AT,2022,Xe đã dùng,"14,000 Km",Lắp ráp trong nước,SUV,Số tự động,Xăng  2.0 L,Đỏ,Đen,FWD - Dẫn động cầu trước,5 chỗ,720 Triệu
Xe Kia Cerato 2.0 AT Premium,2019,Xe đã dùng,"48,000 Km",Lắp ráp trong nước,Sedan,Số tự động,Xăng  2.0 L,Trắng,Nhiều màu,FWD - Dẫn động cầu trước,5 chỗ,499 Triệu
Xe Audi Q7 4.2 AT,2009,Xe đã dùng,"60,080 Km",Nhập khẩu,SUV,Số tự động,Xăng  4.2 L,Xám,Nâu,AWD - 4 bánh toàn thời gian,7 chỗ,298 Triệu
Xe Toyota Yaris 1.3 AT,2010,Xe đã dùng,"70,000 Km",Nhập khẩu,Hatchback,Số tự động,Xăng  1.3 L,Đỏ,Kem,FWD - Dẫn động cầu trước,5 chỗ,289 Triệu
Xe Hyundai Getz 1.1 MT,2009,Xe đã dùng,"16,000 Km",Nhập khẩu,Hatchback,Số tay,Xăng  1.1 L,Bạc,Đen,FWD - Dẫn động cầu trước,5 chỗ,125 Triệu
Xe Chevrolet Aveo LT 1.4 MT,2018,Xe đã dùng,400 Km,Lắp ráp trong nước,Sedan,Số tay,Xăng  1.4 L,Đen,Ghi,FWD - Dẫn động cầu trước,5 chỗ,228 Triệu
Xe Toyota Fortuner 2.7V 4x2 AT,2013,Xe đã dùng,0 Km,Lắp ráp trong nước,SUV,Số tự động,Xăng  2.7 L,Đen,Kem,RFD - Dẫn động cầu sau,7 chỗ,418 Triệu
Xe Mitsubishi Xpander 1.5 AT,2022,Xe đã dùng,"20,000 Km",Nhập khẩu,SUV,Số tự động,Xăng  1.5 L,Trắng,Đen,FWD - Dẫn động cầu trước,7 chỗ,555 Triệu
Xe Ford Everest Titanium 2.0L 4x2 AT,2023,Xe đã dùng,"6,900 Km",Nhập khẩu,SUV,Số tự động,Dầu  2.0 L,Trắng,Đen,RFD - Dẫn động cầu sau,7 chỗ,1 Tỷ 215 Triệu
Xe Hyundai Tucson 1.6 AT Turbo,2019,Xe đã dùng,"42,000 Km",Lắp ráp trong nước,Crossover,Số tự động,Xăng  1.6 L,Đen,Vàng,FWD - Dẫn động cầu trước,5 chỗ,689 Triệu
Xe Lexus NX 200t,2016,Xe đã dùng,"80,000 Km",Nhập khẩu,SUV,Số tự động,Xăng  2.0 L,Đen,Nâu,AWD - 4 bánh toàn thời gian,5 chỗ,1 Tỷ 290 Triệu
Xe MG 5 Luxury 1.5 AT,2022,Xe đã dùng,"20,000 Km",Nhập khẩu,Sedan,Số tự động,Xăng  1.5 L,Trắng,Đen,FWD - Dẫn động cầu trước,5 chỗ,465 Triệu
Xe Mitsubishi Outlander Premium 2.0 CVT,2023,Xe mới,Xe mới,Lắp ráp trong nước,SUV,Số tự động,Xăng  2.0 L,Đỏ,Đen,FWD - Dẫn động cầu trước,7 chỗ,938 Triệu
Xe Mitsubishi Xpander 1.5 MT,2023,Xe mới,Xe mới,Lắp ráp trong nước,SUV,Số tay,Xăng  1.5 L,Đen,Đen,FWD - Dẫn động cầu trước,7 chỗ,555 Triệu
Xe Mitsubishi Attrage 1.2 CVT,2020,Xe đã dùng,"56,000 Km",Nhập khẩu,Sedan,Số tự động,Xăng  1.2 L,Đỏ,Đen,FWD - Dẫn động cầu trước,5 chỗ,365 Triệu
Xe Toyota Veloz Cross 1.5 CVT,2023,Xe đã dùng,"12,000 Km",Lắp ráp trong nước,SUV,Số tự động,Xăng  1.5 L,Trắng,Nhiều màu,FWD - Dẫn động cầu trước,7 chỗ,635 Triệu
Xe LandRover Range Rover Velar R-Dynamic 2.0,2018,Xe đã dùng,"25,000 Km",Nhập khẩu,SUV,Số tự động,Xăng  2.0 L,Đỏ,Đen,AWD - 4 bánh toàn thời gian,5 chỗ,3 Tỷ 180 Triệu
Xe Kia Carens EX 2.0 MT,2009,Xe đã dùng,"120,000 Km",Lắp ráp trong nước,Crossover,Số tay,Xăng  2.0 L,Bạc,Kem,FWD - Dẫn động cầu trước,7 chỗ,225 Triệu
Xe Hyundai Creta Đặc biệt 1.5 AT,2022,Xe đã dùng,"23,000 Km",Nhập khẩu,Crossover,Số tự động,Xăng  1.5 L,Xám,Đen,FWD - Dẫn động cầu trước,5 chỗ,625 Triệu
Xe BMW 3 Series 325i,2008,Xe đã dùng,"90,000 Km",Nhập khẩu,Sedan,Số tự động,Xăng  2.5 L,Nhiều màu,Đen,RFD - Dẫn động cầu sau,5 chỗ,275 Triệu
Xe Mercedes Benz C class C200 Avantgarde,2022,Xe đã dùng,"5,000 Km",Lắp ráp trong nước,Sedan,Số tự động,Xăng  1.5 L,Đen,Nâu,RFD - Dẫn động cầu sau,5 chỗ,1 Tỷ 499 Triệu
Xe Toyota Vios 1.5E CVT,2019,Xe đã dùng,"45,000 Km",Lắp ráp trong nước,Sedan,Số tự động,Xăng  1.5 L,Bạc,Kem,FWD - Dẫn động cầu trước,5 chỗ,405 Triệu
Xe Toyota Fortuner 2.7V 4x2 AT,2015,Xe đã dùng,"83,000 Km",Lắp ráp trong nước,SUV,Số tự động,Xăng  2.7 L,Bạc,Kem,RFD - Dẫn động cầu sau,7 chỗ,510 Triệu
Xe Kia Cerato 2.0 AT Premium,2020,Xe đã dùng,"33,000 Km",Lắp ráp trong nước,Sedan,Số tự động,Xăng  2.0 L,Đỏ,Đen,FWD - Dẫn động cầu trước,5 chỗ,525 Triệu
Xe Toyota Vios GR-S 1.5 CVT,2021,Xe đã dùng,"37,000 Km",Lắp ráp trong nước,Sedan,Số tự động,Xăng  1.5 L,Trắng,Đen,FWD - Dẫn động cầu trước,5 chỗ,520 Triệu
Xe Toyota Vios 1.5G CVT,2021,Xe đã dùng,"38,000 Km",Lắp ráp trong nước,Sedan,Số tự động,Xăng  1.5 L,Trắng,Kem,FWD - Dẫn động cầu trước,5 chỗ,475 Triệu
Xe Ford EcoSport Titanium 1.0 EcoBoost,2018,Xe đã dùng,"38,000 Km",Lắp ráp trong nước,SUV,Số tự động,Xăng  1.0 L,Đen,Đen,FWD - Dẫn động cầu trước,5 chỗ,448 Triệu
Xe Ford Transit SVP,2020,Xe đã dùng,"52,000 Km",Lắp ráp trong nước,Van/Minivan,Số tay,Dầu  2.4 L,Đen,Đen,RFD - Dẫn động cầu sau,16 chỗ,598 Triệu
Xe Mitsubishi Jolie GLX,1999,Xe đã dùng,"150,000 Km",Lắp ráp trong nước,SUV,Số tay,Xăng  2.0 L,Xanh,Kem,RFD - Dẫn động cầu sau,8 chỗ,65 Triệu
Xe Ford Focus Trend 1.5L,2017,Xe đã dùng,0 Km,Lắp ráp trong nước,Sedan,Số tự động,Xăng  1.5 L,Đỏ,Vàng,FWD - Dẫn động cầu trước,5 chỗ,385 Triệu
Xe Mercedes Benz GLC 300 4Matic,2022,Xe đã dùng,500 Km,Lắp ráp trong nước,SUV,Số tự động,Xăng  2.0 L,Đen,Nâu,AWD - 4 bánh toàn thời gian,5 chỗ,2 Tỷ 239 Triệu
Xe Kia Soluto 1.4 AT Deluxe,2020,Xe đã dùng,"49,000 Km",Lắp ráp trong nước,Sedan,Số tự động,Xăng  1.4 L,Đen,Xám,FWD - Dẫn động cầu trước,5 chỗ,350 Triệu
Xe Toyota Highlander LE 2.7,2015,Xe đã dùng,"60,000 Km",Nhập khẩu,SUV,Số tự động,Xăng  2.7 L,Đen,Kem,FWD - Dẫn động cầu trước,7 chỗ,1 Tỷ 95 Triệu
Xe Honda CRV L,2019,Xe đã dùng,"50,000 Km",Nhập khẩu,SUV,Số tự động,Xăng  1.5 L,Đen,Đen,FWD - Dẫn động cầu trước,7 chỗ,788 Triệu
Xe Toyota Fortuner 2.8V 4x4 AT Legender,2021,Xe đã dùng,"40,000 Km",Lắp ráp trong nước,SUV,Số tự động,Dầu  2.8 L,Trắng,Đen,4WD - Dẫn động 4 bánh,7 chỗ,1 Tỷ 165 Triệu
Xe Kia Morning Luxury,2022,Xe đã dùng,"10,000 Km",Lắp ráp trong nước,Hatchback,Số tự động,Xăng  1.25 L,Đỏ,Kem,FWD - Dẫn động cầu trước,5 chỗ,368 Triệu
Xe Ford Everest Titanium 2.0L 4x4 AT,2018,Xe đã dùng,"60,000 Km",Nhập khẩu,SUV,Số tự động,Dầu  2.0 L,Đen,Đen,4WD - Dẫn động 4 bánh,7 chỗ,875 Triệu
Xe Subaru Forester 2.0i-L,2019,Xe đã dùng,"35,000 Km",Nhập khẩu,SUV,Số tự động,Xăng  2.0 L,Ghi,Đen,AWD - 4 bánh toàn thời gian,5 chỗ,745 Triệu
Xe Lexus RX 350 AWD,2011,Xe đã dùng,"60,000 Km",Nhập khẩu,SUV,Số tự động,Xăng  3.5 L,Đen,Ghi,AWD - 4 bánh toàn thời gian,5 chỗ,995 Triệu
Xe Nissan X trail 2.5 SV Luxury,2020,Xe đã dùng,"8,000 Km",Lắp ráp trong nước,SUV,Số tự động,Xăng  2.5 L,Xanh,Đen,4WD - Dẫn động 4 bánh,7 chỗ,780 Triệu
Xe Kia Morning X-Line,2021,Xe đã dùng,"20,000 Km",Lắp ráp trong nước,Hatchback,Số tự động,Xăng  1.25 L,Cam,Đen,FWD - Dẫn động cầu trước,5 chỗ,363 Triệu
Xe Honda CRV L,2018,Xe đã dùng,"80,000 Km",Nhập khẩu,SUV,Số tự động,Xăng  1.5 L,Trắng,Đen,FWD - Dẫn động cầu trước,7 chỗ,752 Triệu
Xe Audi A5 2.0T S-line Quattro,2009,Xe đã dùng,"96,000 Km",Nhập khẩu,Coupe,Số tự động,Xăng  2.0 L,Trắng,Đen,AWD - 4 bánh toàn thời gian,4 chỗ,380 Triệu
Xe Mitsubishi Xpander 1.5 AT,2020,Xe đã dùng,"42,000 Km",Nhập khẩu,SUV,Số tự động,Xăng  1.5 L,Bạc,Kem,FWD - Dẫn động cầu trước,7 chỗ,505 Triệu
Xe Suzuki Swift GLX 1.2 AT,2022,Xe đã dùng,"7,000 Km",Nhập khẩu,Hatchback,Số tự động,Xăng  1.2 L,Đỏ,Ghi,FWD - Dẫn động cầu trước,5 chỗ,532 Triệu
Xe Mercedes Benz S class S450 4Matic,2022,Xe đã dùng,"8,900 Km",Nhập khẩu,Sedan,Số tự động,Xăng  3.0 L,Đen,Đen,AWD - 4 bánh toàn thời gian,5 chỗ,4 Tỷ 489 Triệu
Xe Ford Ranger XLS 2.0L 4x4 AT,2022,Xe đã dùng,"19,000 Km",Lắp ráp trong nước,Bán tải / Pickup,Số tự động,Dầu  2.0 L,Đỏ,Đen,4WD - Dẫn động 4 bánh,5 chỗ,685 Triệu
Xe Mercedes Benz G class G63 cavasai,2021,Xe đã dùng,"20,000 Km",Nhập khẩu,SUV,Số tự động,Xăng,Xanh,Đỏ,RFD - Dẫn động cầu sau,4 chỗ,9 Tỷ 300 Triệu
Xe Mazda 3 1.5L Deluxe,2023,Xe mới,Xe mới,Lắp ráp trong nước,Sedan,Số tự động,Xăng  1.5 L,Trắng,-,FWD - Dẫn động cầu trước,5 chỗ,579 Triệu
Xe Toyota Camry 2.0E,2018,Xe đã dùng,"47,000 Km",Lắp ráp trong nước,Sedan,Số tự động,Xăng  2.0 L,Đen,Kem,FWD - Dẫn động cầu trước,5 chỗ,695 Triệu
Xe Kia Morning Deluxe,2020,Xe đã dùng,"20,000 Km",Lắp ráp trong nước,Hatchback,Số tự động,Xăng  1.25 L,Trắng,Kem,FWD - Dẫn động cầu trước,5 chỗ,328 Triệu
Xe Ford Ranger XLS 2.0L 4x2 AT,2023,Xe mới,Xe mới,Lắp ráp trong nước,Bán tải / Pickup,Số tự động,Dầu  2.0 L,Đen,Đen,RFD - Dẫn động cầu sau,5 chỗ,707 Triệu
Xe Honda City RS 1.5 AT,2021,Xe đã dùng,"50,000 Km",Lắp ráp trong nước,Sedan,Số tự động,Xăng  1.5 L,Nâu,Đen,FWD - Dẫn động cầu trước,5 chỗ,462 Triệu
Xe Ford Everest Titanium Plus 2.0L 4x4 AT,2023,Xe mới,Xe mới,Nhập khẩu,SUV,Số tự động,Dầu  2.0 L,Đỏ,Nâu,4WD - Dẫn động 4 bánh,7 chỗ,1 Tỷ 468 Triệu
Xe Ford Ranger Raptor 2.0L 4x4 AT,2023,Xe mới,Xe mới,Nhập khẩu,Bán tải / Pickup,Số tự động,Dầu  2.0 L,Xanh,Đen,4WD - Dẫn động 4 bánh,5 chỗ,1 Tỷ 299 Triệu
Xe Honda CRV 2.4 AT,2016,Xe đã dùng,"140,000 Km",Lắp ráp trong nước,SUV,Số tự động,Xăng  2.4 L,Trắng,Đen,FWD - Dẫn động cầu trước,5 chỗ,575 Triệu
Xe Honda City 1.5TOP,2017,Xe đã dùng,"62,000 Km",Lắp ráp trong nước,Sedan,Số tự động,Xăng  1.5 L,Trắng,Đen,FWD - Dẫn động cầu trước,5 chỗ,395 Triệu
Xe Mercedes Benz C class C300 AMG,2021,Xe đã dùng,50 Km,Nhập khẩu,Sedan,Số tự động,Xăng  2.0 L,Xanh,Đen,RFD - Dẫn động cầu sau,5 chỗ,1 Tỷ 999 Triệu
Xe Hyundai Grand Starex 2.5 MT,2015,Xe đã dùng,"17,000 Km",Nhập khẩu,Van/Minivan,Số tay,Dầu  2.5 L,Bạc,Bạc,RFD - Dẫn động cầu sau,9 chỗ,500 Triệu
Xe Ford Everest Titanium 2.0L 4x2 AT,2022,Xe đã dùng,"35,000 Km",Nhập khẩu,SUV,Số tự động,Dầu  2.0 L,Đen,Đen,RFD - Dẫn động cầu sau,7 chỗ,999 Triệu
Xe Toyota Fortuner 2.4G 4x2 MT,2017,Xe đã dùng,"160,000 Km",Nhập khẩu,SUV,Số tay,Dầu  2.4 L,Bạc,Nhiều màu,RFD - Dẫn động cầu sau,7 chỗ,705 Triệu
Xe Mazda CX5 2.0 AT,2014,Xe đã dùng,"130,000 Km",Lắp ráp trong nước,SUV,Số tự động,Xăng  2.0 L,Trắng,Đen,FWD - Dẫn động cầu trước,5 chỗ,435 Triệu
Xe Ford Ranger Wildtrak 3.2L 4x4 AT,2016,Xe đã dùng,"78,000 Km",Nhập khẩu,Bán tải / Pickup,Số tự động,Dầu  3.2 L,Cam,Nhiều màu,4WD - Dẫn động 4 bánh,5 chỗ,535 Triệu
Xe Hyundai Tucson 2.0 AT CRDi Đặc biệt,2021,Xe đã dùng,"35,000 Km",Lắp ráp trong nước,Crossover,Số tự động,Dầu  2.0 L,Đỏ,Kem,FWD - Dẫn động cầu trước,5 chỗ,750 Triệu
Xe Kia Cerato 2.0 AT Premium,2019,Xe đã dùng,"71,000 Km",Lắp ráp trong nước,Sedan,Số tự động,Xăng  2.0 L,Đen,Nhiều màu,FWD - Dẫn động cầu trước,5 chỗ,485 Triệu
Xe Subaru Levorg 1.6 GT-S,2016,Xe đã dùng,"96,000 Km",Nhập khẩu,Crossover,Số tự động,Xăng  1.6 L,Bạc,Đen,AWD - 4 bánh toàn thời gian,5 chỗ,580 Triệu
Xe Toyota Fortuner 2.7V 4x2 AT,2019,Xe đã dùng,"80,000 Km",Nhập khẩu,SUV,Số tự động,Xăng  2.7 L,Đen,Đen,RFD - Dẫn động cầu sau,7 chỗ,805 Triệu
Xe Ford Everest Titanium 2.0L 4x4 AT,2019,Xe đã dùng,"56,000 Km",Nhập khẩu,SUV,Số tự động,Dầu  2.0 L,Đỏ,Đen,4WD - Dẫn động 4 bánh,7 chỗ,915 Triệu
Xe Honda Civic 1.8 AT,2012,Xe đã dùng,"135,000 Km",Lắp ráp trong nước,Sedan,Số tự động,Xăng  1.8 L,Ghi,Kem,FWD - Dẫn động cầu trước,5 chỗ,315 Triệu
Xe Daewoo Lacetti Max 1.8 MT,2004,Xe đã dùng,"60,000 Km",Lắp ráp trong nước,Sedan,Số tay,Xăng  1.8 L,Đen,Ghi,FWD - Dẫn động cầu trước,5 chỗ,116 Triệu
Xe Kia Cerato 2.0 AT Premium,2020,Xe đã dùng,"19,000 Km",Lắp ráp trong nước,Sedan,Số tự động,Xăng  2.0 L,Xanh,Đen,FWD - Dẫn động cầu trước,5 chỗ,535 Triệu
Xe Ford Transit Tiêu chuẩn,2023,Xe mới,Xe mới,Lắp ráp trong nước,Van/Minivan,Số tay,Dầu  2.2 L,Bạc,Nhiều màu,RFD - Dẫn động cầu sau,16 chỗ,849 Triệu
Xe Toyota Yaris Cross 1.5 AT,2023,Xe mới,Xe mới,Nhập khẩu,SUV,Số tự động,Xăng,Trắng,Đen,FWD - Dẫn động cầu trước,5 chỗ,680 Triệu
Xe Mazda CX5 Premium 2.0 AT,2021,Xe đã dùng,"47,000 Km",Lắp ráp trong nước,SUV,Số tự động,Xăng  2.0 L,Đỏ,Đỏ,FWD - Dẫn động cầu trước,5 chỗ,768 Triệu
Xe Ford Everest Titanium 2.0L 4x2 AT,2022,Xe đã dùng,"14,000 Km",Nhập khẩu,SUV,Số tự động,Dầu  2.0 L,Đỏ,Đen,RFD - Dẫn động cầu sau,7 chỗ,1 Tỷ 210 Triệu
Xe Kia Carnival Signature 2.2D,2021,Xe đã dùng,"30,000 Km",Lắp ráp trong nước,Van/Minivan,Số tự động,Dầu  2.2 L,Đen,Kem,FWD - Dẫn động cầu trước,7 chỗ,1 Tỷ 250 Triệu
Xe Mazda 3 2.0 AT,2018,Xe đã dùng,"70,000 Km",Lắp ráp trong nước,Sedan,Số tự động,Xăng  2.0 L,Trắng,Đen,FWD - Dẫn động cầu trước,5 chỗ,495 Triệu
Xe Honda City 1.5,2020,Xe đã dùng,"32,500 Km",Lắp ráp trong nước,Sedan,Số tự động,Xăng  1.5 L,Xám,Đen,FWD - Dẫn động cầu trước,5 chỗ,439 Triệu
Xe Mercedes Benz C class C200,2015,Xe đã dùng,0 Km,Lắp ráp trong nước,Sedan,Số tự động,Xăng  2.0 L,Đen,Kem,RFD - Dẫn động cầu sau,5 chỗ,650 Triệu
Xe Toyota Fortuner Legender 2.4L 4x2 AT,2023,Xe mới,Xe mới,Lắp ráp trong nước,SUV,Số tự động,Dầu  2.4 L,Đen,Đỏ,RFD - Dẫn động cầu sau,7 chỗ,1 Tỷ 205 Triệu
Xe Lexus RX 350,2019,Xe đã dùng,"50,000 Km",Nhập khẩu,SUV,Số tự động,Xăng  3.5 L,Đỏ,Nâu,AWD - 4 bánh toàn thời gian,5 chỗ,2 Tỷ 890 Triệu
Xe Kia Morning Si AT,2018,Xe đã dùng,"85,000 Km",Lắp ráp trong nước,Hatchback,Số tự động,Xăng  1.25 L,Đỏ,Kem,FWD - Dẫn động cầu trước,5 chỗ,280 Triệu
Xe Kia Carnival Luxury 2.2D,2022,Xe mới,Xe mới,Lắp ráp trong nước,Van/Minivan,Số tự động,Dầu  2.2 L,Trắng,Kem,FWD - Dẫn động cầu trước,8 chỗ,1 Tỷ 209 Triệu
Xe Haval H6 HEV,2023,Xe mới,Xe mới,Nhập khẩu,SUV,Số tự động,Hybrid  1.5 L,Xanh,Đen,FWD - Dẫn động cầu trước,5 chỗ,852 Triệu
Xe Mitsubishi Xpander Cross 1.5 AT,2023,Xe mới,Xe mới,Nhập khẩu,SUV,Số tự động,Xăng  1.5 L,Đen,Đen,FWD - Dẫn động cầu trước,7 chỗ,698 Triệu
Xe Honda Accord 1.5 AT,2023,Xe mới,Xe mới,Nhập khẩu,Sedan,Số tự động,Xăng  1.5 L,Trắng,Xám,FWD - Dẫn động cầu trước,5 chỗ,1 Tỷ 299 Triệu
Xe Mitsubishi Outlander 2.0 CVT,2019,Xe đã dùng,"50,000 Km",Lắp ráp trong nước,SUV,Số tự động,Xăng  2.0 L,Trắng,Đen,FWD - Dẫn động cầu trước,7 chỗ,585 Triệu
Xe Kia K3 2.0 AT,2015,Xe đã dùng,"90,000 Km",Lắp ráp trong nước,Sedan,Số tự động,Xăng  2.0 L,Đen,Đen,FWD - Dẫn động cầu trước,5 chỗ,365 Triệu
Xe Kia Morning Deluxe,2019,Xe đã dùng,"48,000 Km",Lắp ráp trong nước,Hatchback,Số tự động,Xăng  1.25 L,Đỏ,Kem,FWD - Dẫn động cầu trước,5 chỗ,299 Triệu
Xe Toyota Corolla altis 1.8V,2023,Xe mới,Xe mới,Nhập khẩu,Sedan,Số tự động,Xăng  1.8 L,Đen,Kem,FWD - Dẫn động cầu trước,5 chỗ,725 Triệu
Xe Hyundai Accent 1.4 ATH,2019,Xe đã dùng,"70,000 Km",Lắp ráp trong nước,Sedan,Số tự động,Xăng  1.4 L,Cát,Nhiều màu,FWD - Dẫn động cầu trước,5 chỗ,415 Triệu
Xe Ford EcoSport Titanium 1.5L AT,2018,Xe đã dùng,"56,000 Km",Lắp ráp trong nước,SUV,Số tự động,Xăng  1.5 L,Trắng,Đen,FWD - Dẫn động cầu trước,5 chỗ,440 Triệu
Xe Mercedes Benz C class C250,2013,Xe đã dùng,"12,345 Km",Lắp ráp trong nước,Sedan,Số tự động,Xăng  1.8 L,Ghi,Kem,RFD - Dẫn động cầu sau,5 chỗ,393 Triệu
Xe Ford Everest Titanium 2.0L 4x2 AT,2023,Xe mới,Xe mới,Nhập khẩu,SUV,Số tự động,Dầu  2.0 L,Đen,Nâu,RFD - Dẫn động cầu sau,7 chỗ,1 Tỷ 229 Triệu
Xe Kia Cerato 2.0 AT,2017,Xe đã dùng,"52,000 Km",Lắp ráp trong nước,Sedan,Số tự động,Xăng  2.0 L,Đen,Ghi,FWD - Dẫn động cầu trước,5 chỗ,415 Triệu
Xe Toyota Crown Royal Saloon 3.0 AT,2001,Xe đã dùng,"180,000 Km",Nhập khẩu,Sedan,Số tự động,Xăng  3.0 L,Trắng,Nâu,RFD - Dẫn động cầu sau,5 chỗ,1 Tỷ 50 Triệu
Xe Lexus LX 570 Super Sport,2016,Xe đã dùng,"74,546 Km",Nhập khẩu,SUV,Số tự động,Xăng  5.7 L,Trắng,Nâu,AWD - 4 bánh toàn thời gian,7 chỗ,4 Tỷ 899 Triệu
Xe Lexus RX 350 Premium,2023,Xe đã dùng,"21,086 Km",Nhập khẩu,SUV,Số tự động,Xăng  2.4 L,Trắng,Nâu,AWD - 4 bánh toàn thời gian,5 chỗ,3 Tỷ 440 Triệu
Xe Hyundai Elantra 2.0 AT,2019,Xe đã dùng,"38,500 Km",Lắp ráp trong nước,Sedan,Số tự động,Xăng  2.0 L,Đen,Kem,FWD - Dẫn động cầu trước,5 chỗ,475 Triệu
Xe Toyota Wigo 1.2G AT,2018,Xe đã dùng,"50,000 Km",Nhập khẩu,Hatchback,Số tự động,Xăng  1.2 L,Trắng,Đen,FWD - Dẫn động cầu trước,5 chỗ,295 Triệu
Xe Toyota Vios E 1.5 MT,2021,Xe đã dùng,"50,000 Km",Lắp ráp trong nước,Sedan,Số tay,Xăng  1.5 L,Vàng,Đen,FWD - Dẫn động cầu trước,5 chỗ,405 Triệu
Xe Toyota Yaris 1.3 AT,2006,Xe đã dùng,"140,000 Km",Nhập khẩu,Sedan,Số tự động,Xăng  1.3 L,Bạc,Kem,FWD - Dẫn động cầu trước,5 chỗ,205 Triệu
Xe Toyota Fortuner 2.5G,2011,Xe đã dùng,"130,000 Km",Lắp ráp trong nước,SUV,Số tay,Dầu  2.5 L,Đen,Kem,RFD - Dẫn động cầu sau,7 chỗ,450 Triệu
Xe Toyota Camry 2.5Q,2020,Xe đã dùng,"40,000 Km",Nhập khẩu,Sedan,Số tự động,Xăng  2.5 L,Trắng,Kem,FWD - Dẫn động cầu trước,5 chỗ,965 Triệu
Xe Ford Ranger Wildtrak 2.0L 4x4 AT,2022,Xe đã dùng,"2,500 Km",Lắp ráp trong nước,Bán tải / Pickup,Số tự động,Dầu  2.0 L,Đen,Đen,4WD - Dẫn động 4 bánh,5 chỗ,865 Triệu
Xe Toyota Fortuner 2.4L 4x2 AT,2023,Xe mới,Xe mới,Lắp ráp trong nước,SUV,Số tự động,Dầu  2.4 L,Ghi,Đen,RFD - Dẫn động cầu sau,7 chỗ,1 Tỷ 68 Triệu
Xe Toyota Vios G 1.5 CVT,2023,Xe mới,Xe mới,Lắp ráp trong nước,Sedan,Số tự động,Xăng  1.5 L,Trắng,Đen,FWD - Dẫn động cầu trước,5 chỗ,550 Triệu
Xe Toyota Veloz Cross 1.5 CVT,2023,Xe mới,Xe mới,Lắp ráp trong nước,SUV,Số tự động,Xăng  1.5 L,Bạc,Ghi,FWD - Dẫn động cầu trước,7 chỗ,623 Triệu
Xe Hyundai Tucson 2.0 ATH,2020,Xe đã dùng,"40,000 Km",Lắp ráp trong nước,Crossover,Số tự động,Xăng  2.0 L,Đỏ,Kem,FWD - Dẫn động cầu trước,5 chỗ,725 Triệu
Xe Honda CRV 2.0 AT,2017,Xe đã dùng,0 Km,Lắp ráp trong nước,SUV,Số tự động,Xăng  2.0 L,Bạc,Kem,FWD - Dẫn động cầu trước,5 chỗ,585 Triệu
Xe Hyundai SantaFe Cao cấp 2.4L HTRAC,2021,Xe đã dùng,"50,000 Km",Lắp ráp trong nước,SUV,Số tự động,Xăng  2.4 L,Trắng,Nâu,AWD - 4 bánh toàn thời gian,7 chỗ,899 Triệu
Xe Ford Focus 1.8 MT,2011,Xe đã dùng,"81,000 Km",Lắp ráp trong nước,Sedan,Số tay,Xăng  1.8 L,Cát,Kem,FWD - Dẫn động cầu trước,5 chỗ,200 Triệu
Xe Mitsubishi Attrage 1.2 MT,2023,Xe mới,Xe mới,Nhập khẩu,Sedan,Số tay,Xăng  1.2 L,Xám,Đen,FWD - Dẫn động cầu trước,5 chỗ,342 Triệu
Xe Toyota Vios 1.5G,2013,Xe đã dùng,"150,000 Km",Lắp ráp trong nước,Sedan,Số tự động,Xăng  1.5 L,Vàng,Nhiều màu,FWD - Dẫn động cầu trước,5 chỗ,285 Triệu
Xe Toyota Vios 1.5G,2019,Xe đã dùng,"50,000 Km",Lắp ráp trong nước,Sedan,Số tự động,Xăng  1.5 L,Cát,Kem,FWD - Dẫn động cầu trước,5 chỗ,455 Triệu
Xe Kia Morning Si MT,2017,Xe đã dùng,0 Km,Lắp ráp trong nước,Hatchback,Số tay,Xăng  1.25 L,Xanh,Kem,FWD - Dẫn động cầu trước,5 chỗ,235 Triệu
Xe Lexus LX 570,2019,Xe đã dùng,"80,450 Km",Nhập khẩu,SUV,Số tự động,Xăng  5.7 L,Đen,Nâu,AWD - 4 bánh toàn thời gian,7 chỗ,6 Tỷ 990 Triệu
Xe Toyota Hilux 2.4L 4x2 AT,2020,Xe đã dùng,"90,000 Km",Nhập khẩu,Bán tải / Pickup,Số tự động,Dầu  2.4 L,Đen,Đen,RFD - Dẫn động cầu sau,5 chỗ,640 Triệu
Xe Toyota Vios 1.5E CVT,2020,Xe đã dùng,"40,000 Km",Lắp ráp trong nước,Sedan,Số tự động,Xăng  1.5 L,Cát,Kem,FWD - Dẫn động cầu trước,5 chỗ,435 Triệu
Xe Honda City 1.5,2017,Xe đã dùng,"70,000 Km",Lắp ráp trong nước,Sedan,Số tự động,Xăng  1.5 L,Bạc,Đen,FWD - Dẫn động cầu trước,5 chỗ,360 Triệu
Xe VinFast Lux A 2.0 Plus 2.0 AT,2021,Xe đã dùng,"29,000 Km",Lắp ráp trong nước,Sedan,Số tự động,Xăng  2.0 L,Đen,Nâu,RFD - Dẫn động cầu sau,5 chỗ,605 Triệu
Xe Toyota Corolla Cross 1.8V,2021,Xe đã dùng,"25,000 Km",Nhập khẩu,SUV,Số tự động,Xăng  1.8 L,Đỏ,Đen,FWD - Dẫn động cầu trước,5 chỗ,765 Triệu
Xe Toyota Rush 1.5S AT,2021,Xe đã dùng,"100,000 Km",Nhập khẩu,SUV,Số tự động,Xăng  1.5 L,Trắng,Đen,RFD - Dẫn động cầu sau,7 chỗ,540 Triệu
Xe Lexus LX 570 Super Sport,2016,Xe đã dùng,"84,000 Km",Nhập khẩu,SUV,Số tự động,Xăng  5.7 L,Trắng,Nâu,AWD - 4 bánh toàn thời gian,7 chỗ,4 Tỷ 999 Triệu
Xe Lexus LX 570,2015,Xe đã dùng,"78,000 Km",Nhập khẩu,SUV,Số tự động,Xăng  5.7 L,Trắng,Kem,AWD - 4 bánh toàn thời gian,7 chỗ,4 Tỷ 790 Triệu
Xe Mercedes Benz S class S450L Luxury,2018,Xe đã dùng,"12,000 Km",Nhập khẩu,Sedan,Số tự động,Xăng  3.0 L,Trắng,Kem,RFD - Dẫn động cầu sau,5 chỗ,2 Tỷ 700 Triệu
Xe Hyundai Accent 1.4 AT Đặc Biệt,2022,Xe đã dùng,"30,000 Km",Lắp ráp trong nước,Sedan,Số tự động,Xăng  1.4 L,Trắng,Màu khác,FWD - Dẫn động cầu trước,5 chỗ,465 Triệu
Xe Toyota Vios 1.5E CVT,2020,Xe đã dùng,"63,000 Km",Lắp ráp trong nước,Sedan,Số tự động,Xăng  1.5 L,Cát,Kem,FWD - Dẫn động cầu trước,5 chỗ,415 Triệu
Xe Toyota Vios 1.5G,2020,Xe đã dùng,"63,000 Km",Lắp ráp trong nước,Sedan,Số tự động,Xăng  1.5 L,Đỏ,Kem,FWD - Dẫn động cầu trước,5 chỗ,450 Triệu
Xe Toyota Vios 1.5G,2019,Xe đã dùng,"62,000 Km",Lắp ráp trong nước,Sedan,Số tự động,Xăng  1.5 L,Đỏ,Kem,FWD - Dẫn động cầu trước,5 chỗ,425 Triệu
Xe Nissan X trail 2.5 AT,2008,Xe đã dùng,"150,000 Km",Nhập khẩu,SUV,Số tự động,Xăng  2.5 L,Xám,Đen,4WD - Dẫn động 4 bánh,5 chỗ,250 Triệu
Xe VinFast Lux A 2.0 Nâng cao,2022,Xe đã dùng,"6,000 Km",Lắp ráp trong nước,Sedan,Số tự động,Xăng  2.0 L,Đen,-,RFD - Dẫn động cầu sau,5 chỗ,650 Triệu
Xe Peugeot 2008 GT Line 1.2 AT,2023,Xe mới,Xe mới,Lắp ráp trong nước,Crossover,Số tự động,Xăng  1.2 L,Trắng,Đen,FWD - Dẫn động cầu trước,5 chỗ,789 Triệu
Xe Peugeot 5008 AL 1.6 AT,2022,Xe mới,Xe mới,Lắp ráp trong nước,SUV,Số tự động,Xăng  1.6 L,Đen,Đen,FWD - Dẫn động cầu trước,7 chỗ,1 Tỷ 49 Triệu
Xe Hyundai i10 1.2 MT,2021,Xe đã dùng,"13,000 Km",Lắp ráp trong nước,Sedan,Số tay,Xăng  1.25 L,Trắng,Nhiều màu,FWD - Dẫn động cầu trước,5 chỗ,326 Triệu
Xe Peugeot 5008 GT 1.6 AT,2023,Xe mới,Xe mới,Lắp ráp trong nước,SUV,Số tự động,Xăng  1.6 L,Xám,-,FWD - Dẫn động cầu trước,7 chỗ,1 Tỷ 229 Triệu
Xe Peugeot 408 GT 1.6 AT,2023,Xe mới,Xe mới,Lắp ráp trong nước,Crossover,Số tự động,Xăng  1.6 L,Xanh,Đen,FWD - Dẫn động cầu trước,5 chỗ,1 Tỷ 219 Triệu
Xe BMW 5 Series 530i M Sport,2022,Xe mới,Xe mới,Nhập khẩu,Sedan,Số tự động,Xăng  2.0 L,Xám,Đen,RFD - Dẫn động cầu sau,5 chỗ,2 Tỷ 769 Triệu
Xe Kia Carnival Premium 2.2D 7S,2023,Xe mới,Xe mới,Lắp ráp trong nước,Van/Minivan,Số tự động,Dầu  2.2 L,Đen,Nâu,FWD - Dẫn động cầu trước,7 chỗ,1 Tỷ 359 Triệu
Xe Volkswagen Teramont 2.0 AT,2022,Xe đã dùng,"11,000 Km",Nhập khẩu,SUV,Số tự động,Xăng  2.0 L,Đen,Đen,AWD - 4 bánh toàn thời gian,7 chỗ,1 Tỷ 999 Triệu
Xe Ford Everest Titanium 2.0L 4x2 AT,2023,Xe mới,Xe mới,Nhập khẩu,SUV,Số tự động,Dầu  2.0 L,Trắng,Đen,RFD - Dẫn động cầu sau,7 chỗ,1 Tỷ 236 Triệu
Xe Ford Everest Titanium  2.0L 4x4AT,2023,Xe mới,Xe mới,Nhập khẩu,SUV,Số tự động,Dầu  2.0 L,Đen,Đen,4WD - Dẫn động 4 bánh,7 chỗ,1 Tỷ 340 Triệu
Xe Ford Ranger XLS 2.0L 4x2 AT,2023,Xe mới,Xe mới,Lắp ráp trong nước,Bán tải / Pickup,Số tự động,Dầu  2.0 L,Đen,Đen,RFD - Dẫn động cầu sau,5 chỗ,625 Triệu
Xe Mazda CX5 Luxury 2.0 AT,2023,Xe đã dùng,"6,800 Km",Lắp ráp trong nước,SUV,Số tự động,Xăng  2.0 L,Xanh,Đen,FWD - Dẫn động cầu trước,5 chỗ,769 Triệu
Xe Ford Territory Titanium X 1.5 AT,2023,Xe mới,Xe mới,Lắp ráp trong nước,SUV,Số tự động,Xăng  1.5 L,Trắng,Nhiều màu,FWD - Dẫn động cầu trước,5 chỗ,845 Triệu
Xe Ford Ranger XLS 2.0L 4x2 AT,2023,Xe mới,Xe mới,Lắp ráp trong nước,Bán tải / Pickup,Số tự động,Dầu  2.0 L,Trắng,Đen,RFD - Dẫn động cầu sau,5 chỗ,625 Triệu
Xe Ford EcoSport Titanium 1.5L AT,2018,Xe đã dùng,"16,000 Km",Lắp ráp trong nước,SUV,Số tự động,Xăng  1.5 L,Đen,Đen,FWD - Dẫn động cầu trước,5 chỗ,435 Triệu
Xe Hyundai SantaFe MLX 2.2L,2005,Xe đã dùng,"160,000 Km",Nhập khẩu,SUV,Số tự động,Dầu  2.2 L,Đen,Ghi,FWD - Dẫn động cầu trước,7 chỗ,175 Triệu
Xe Toyota Camry GLi 2.2,2001,Xe đã dùng,"200,000 Km",Lắp ráp trong nước,Sedan,Số tay,Xăng  2.2 L,Xanh,Nâu,FWD - Dẫn động cầu trước,5 chỗ,178 Triệu
Xe Ford Everest Titanium 2.0L 4x2 AT,2023,Xe mới,Xe mới,Nhập khẩu,SUV,Số tự động,Dầu  2.0 L,Trắng,Đen,RFD - Dẫn động cầu sau,7 chỗ,1 Tỷ 170 Triệu
Xe Ford Territory Titanium X 1.5 AT,2023,Xe mới,Xe mới,Lắp ráp trong nước,SUV,Số tự động,Xăng  1.5 L,Trắng,-,FWD - Dẫn động cầu trước,5 chỗ,845 Triệu
Xe Peugeot 3008 GT,2023,Xe mới,Xe mới,Lắp ráp trong nước,Crossover,Số tự động,Xăng  1.6 L,Đỏ,Kem,FWD - Dẫn động cầu trước,5 chỗ,1 Tỷ 129 Triệu
Xe Mazda CX5 Luxury 2.0 AT,2022,Xe đã dùng,"14,000 Km",Lắp ráp trong nước,SUV,Số tự động,Xăng  2.0 L,Đỏ,Đen,FWD - Dẫn động cầu trước,5 chỗ,750 Triệu
Xe Hyundai Tucson 2.0 AT CRDi,2018,Xe đã dùng,"70,000 Km",Lắp ráp trong nước,Crossover,Số tự động,Dầu  2.0 L,Vàng,Kem,FWD - Dẫn động cầu trước,5 chỗ,665 Triệu
Xe Hyundai Elantra 2.0 AT Cao cấp,2022,Xe đã dùng,0 Km,Lắp ráp trong nước,Sedan,Số tự động,Xăng  2.0 L,Đỏ,Đen,FWD - Dẫn động cầu trước,5 chỗ,655 Triệu
Xe Mercedes Benz C class C200 Elegance,2008,Xe đã dùng,"120,000 Km",Lắp ráp trong nước,Sedan,Số tự động,Xăng  1.8 L,Đen,Đen,RFD - Dẫn động cầu sau,5 chỗ,295 Triệu
Xe Kia K3 Luxury 1.6 AT,2022,Xe đã dùng,"9,000 Km",Lắp ráp trong nước,Sedan,Số tự động,Xăng  1.6 L,Trắng,Đen,FWD - Dẫn động cầu trước,5 chỗ,575 Triệu
Xe Ford Ranger XLS 2.2L 4x2 AT,2017,Xe đã dùng,"65,000 Km",Nhập khẩu,Bán tải / Pickup,Số tự động,Dầu  2.2 L,Đỏ,Đen,RFD - Dẫn động cầu sau,5 chỗ,450 Triệu
Xe Kia Cerato 1.6 MT,2016,Xe đã dùng,"17,000 Km",Lắp ráp trong nước,Sedan,Số tay,Xăng  1.6 L,Đen,Kem,FWD - Dẫn động cầu trước,5 chỗ,365 Triệu
Xe Haval H6 HEV,2023,Xe mới,Xe mới,Nhập khẩu,SUV,Số tự động,Hybrid  1.5 L,Đỏ,Nhiều màu,FWD - Dẫn động cầu trước,5 chỗ,852 Triệu
Xe Kia Morning Si AT,2016,Xe đã dùng,"91,000 Km",Lắp ráp trong nước,Hatchback,Số tự động,Xăng  1.25 L,Đỏ,Đen,FWD - Dẫn động cầu trước,5 chỗ,270 Triệu
Xe Hyundai Creta Đặc biệt 1.5 AT,2023,Xe mới,Xe mới,Nhập khẩu,Crossover,Số tự động,Xăng  1.5 L,Đen,Ghi,FWD - Dẫn động cầu trước,5 chỗ,645 Triệu
Xe Hyundai Creta Đặc biệt 1.5 AT,2023,Xe mới,Xe mới,Nhập khẩu,Crossover,Số tự động,Xăng  1.5 L,Đen,Đen,FWD - Dẫn động cầu trước,5 chỗ,632 Triệu
Xe Honda BR V G,2023,Xe mới,Xe mới,Nhập khẩu,SUV,Số tự động,Xăng  1.5 L,Trắng,Đen,FWD - Dẫn động cầu trước,7 chỗ,599 Triệu
Xe Porsche Macan 2.0,2015,Xe đã dùng,"78,000 Km",Nhập khẩu,SUV,Số tự động,Xăng  2.0 L,Nâu,Kem,AWD - 4 bánh toàn thời gian,5 chỗ,1 Tỷ 652 Triệu
Xe Mercedes Benz C class C250 CGI,2009,Xe đã dùng,"116,000 Km",Lắp ráp trong nước,Sedan,Số tự động,Xăng  1.8 L,Ghi,Đen,RFD - Dẫn động cầu sau,5 chỗ,300 Triệu
Xe Mitsubishi Xpander Cross 1.5 AT,2023,Xe mới,Xe mới,Nhập khẩu,SUV,Số tự động,Xăng  1.5 L,Trắng,Đen,FWD - Dẫn động cầu trước,7 chỗ,698 Triệu
Xe Ford Explorer Limited 2.3L EcoBoost,2019,Xe đã dùng,"65,000 Km",Nhập khẩu,SUV,Số tự động,Xăng  2.3 L,Đen,Nâu,AWD - 4 bánh toàn thời gian,7 chỗ,1 Tỷ 260 Triệu
Xe Chevrolet Orlando LTZ 1.8 AT,2016,Xe đã dùng,0 Km,Lắp ráp trong nước,SUV,Số tự động,Xăng  1.8 L,Bạc,Đen,FWD - Dẫn động cầu trước,7 chỗ,329 Triệu
Xe Toyota Camry 2.4G,2011,Xe đã dùng,"118,639 Km",Lắp ráp trong nước,Sedan,Số tự động,Xăng  2.4 L,Đen,Kem,FWD - Dẫn động cầu trước,5 chỗ,412 Triệu
Xe Chevrolet Aveo 1.5 MT,2011,Xe đã dùng,"120,000 Km",Lắp ráp trong nước,Sedan,Số tay,Xăng  1.5 L,Bạc,Ghi,FWD - Dẫn động cầu trước,5 chỗ,99 Triệu
Xe Toyota Corolla Cross 1.8V,2020,Xe đã dùng,"28,000 Km",Nhập khẩu,SUV,Số tự động,Xăng  1.8 L,Đen,Đỏ,FWD - Dẫn động cầu trước,5 chỗ,725 Triệu
Xe Ford Ranger XLS 2.0L 4x2 AT,2023,Xe mới,Xe mới,Lắp ráp trong nước,Bán tải / Pickup,Số tự động,Dầu  2.0 L,Trắng,Đen,RFD - Dẫn động cầu sau,5 chỗ,677 Triệu
Xe Mazda 3 1.5L Luxury,2019,Xe đã dùng,"50,000 Km",Lắp ráp trong nước,Sedan,Số tự động,Xăng  1.5 L,Đen,Đen,FWD - Dẫn động cầu trước,5 chỗ,490 Triệu
Xe Toyota Camry 2.0Q,2023,Xe mới,Xe mới,Nhập khẩu,Sedan,Số tự động,Xăng  2.0 L,Trắng,Kem,FWD - Dẫn động cầu trước,5 chỗ,1 Tỷ 160 Triệu
Xe Ford Everest Titanium 2.0L 4x2 AT,2023,Xe mới,Xe mới,Nhập khẩu,SUV,Số tự động,Dầu  2.0 L,Bạc,Đen,RFD - Dẫn động cầu sau,7 chỗ,1 Tỷ 244 Triệu
Xe Kia Carnival Premium 2.2D,2023,Xe mới,Xe mới,Lắp ráp trong nước,Van/Minivan,Số tự động,Dầu  2.2 L,Đen,Nâu,FWD - Dẫn động cầu trước,8 chỗ,1 Tỷ 299 Triệu
Xe Daewoo Lacetti SE,2011,Xe đã dùng,"60,000 Km",Nhập khẩu,Sedan,Số tay,Xăng  1.6 L,Ghi,Ghi,FWD - Dẫn động cầu trước,5 chỗ,235 Triệu
Xe Audi Q8 55 TFSI S-Line Quattro,2021,Xe đã dùng,"12,000 Km",Nhập khẩu,SUV,Số tự động,Xăng  3.0 L,Xanh,Đen,AWD - 4 bánh toàn thời gian,5 chỗ,3 Tỷ 655 Triệu
Xe Mercedes Benz S class S450L,2019,Xe đã dùng,"26,000 Km",Lắp ráp trong nước,Sedan,Số tự động,Xăng  3.0 L,Trắng,Nâu,RFD - Dẫn động cầu sau,5 chỗ,3 Tỷ 189 Triệu
Xe Toyota Vios 1.5 MT,2011,Xe đã dùng,"15,000 Km",Lắp ráp trong nước,Sedan,Số tay,Xăng  1.5 L,Bạc,Kem,FWD - Dẫn động cầu trước,5 chỗ,160 Triệu
Xe Mazda 3 1.5 AT,2018,Xe đã dùng,"57,000 Km",Lắp ráp trong nước,Sedan,Số tự động,Xăng  1.5 L,Xanh,-,FWD - Dẫn động cầu trước,5 chỗ,450 Triệu
Xe Ford Ranger Raptor 2.0L 4x4 AT,2022,Xe đã dùng,"35,000 Km",Nhập khẩu,Bán tải / Pickup,Số tự động,Dầu  2.0 L,Đen,Đen,4WD - Dẫn động 4 bánh,5 chỗ,999 Triệu
Xe Mazda CX5 Luxury 2.0 AT,2022,Xe đã dùng,"20,000 Km",Lắp ráp trong nước,SUV,Số tự động,Xăng  2.0 L,Trắng,Đen,FWD - Dẫn động cầu trước,5 chỗ,735 Triệu
Xe Mazda 3 2.0L Sport Signature Premium,2020,Xe đã dùng,"20,000 Km",Lắp ráp trong nước,Hatchback,Số tự động,Xăng  2.0 L,Đỏ,Đỏ,FWD - Dẫn động cầu trước,5 chỗ,559 Triệu
Xe Mazda 3 1.5 AT,2017,Xe đã dùng,"48,000 Km",Lắp ráp trong nước,Hatchback,Số tự động,Xăng  1.5 L,Vàng,Đen,FWD - Dẫn động cầu trước,5 chỗ,420 Triệu
Xe Ford Everest Trend 2.0L 4x2 AT,2019,Xe đã dùng,"70,000 Km",Nhập khẩu,SUV,Số tự động,Dầu  2.0 L,Đỏ,Đen,RFD - Dẫn động cầu sau,7 chỗ,810 Triệu
Xe Toyota Yaris 1.3G,2015,Xe đã dùng,"59,000 Km",Nhập khẩu,Hatchback,Số tự động,Xăng  1.3 L,Trắng,Nhiều màu,FWD - Dẫn động cầu trước,5 chỗ,386 Triệu
Xe Kia Cerato 1.6 AT,2018,Xe đã dùng,"60,000 Km",Lắp ráp trong nước,Sedan,Số tự động,Xăng  1.6 L,Trắng,Kem,FWD - Dẫn động cầu trước,5 chỗ,419 Triệu
Xe Kia Cerato 2.0 AT Premium,2020,Xe đã dùng,"42,000 Km",Lắp ráp trong nước,Sedan,Số tự động,Xăng  2.0 L,Xanh,Nhiều màu,FWD - Dẫn động cầu trước,5 chỗ,520 Triệu
Xe Toyota Yaris Cross 1.5 D-CVT,2023,Xe mới,Xe mới,Nhập khẩu,SUV,Số tự động,Xăng  1.5 L,Trắng,Đen,FWD - Dẫn động cầu trước,5 chỗ,678 Triệu
Xe Hyundai Elantra Sport 1.6 AT,2020,Xe đã dùng,"20,000 Km",Lắp ráp trong nước,Sedan,Số tự động,Xăng  1.6 L,Đen,Đen,FWD - Dẫn động cầu trước,5 chỗ,545 Triệu
Xe Mercedes Benz Maybach GLS 600 4Matic,2022,Xe mới,Xe mới,Nhập khẩu,SUV,Số tự động,Xăng  4.0 L,Ghi,Kem,AWD - 4 bánh toàn thời gian,4 chỗ,11 Tỷ 619 Triệu
Xe Mercedes Benz S class S450,2023,Xe mới,Xe mới,Nhập khẩu,Sedan,Số tự động,Xăng  3.0 L,Xanh,Nâu,RFD - Dẫn động cầu sau,5 chỗ,5 Tỷ 199 Triệu
Xe Mitsubishi Xpander 1.5 AT,2019,Xe đã dùng,"50,000 Km",Nhập khẩu,SUV,Số tự động,Xăng  1.5 L,Trắng,Kem,FWD - Dẫn động cầu trước,7 chỗ,493 Triệu
Xe Suzuki XL7 1.5 AT,2023,Xe mới,Xe mới,Nhập khẩu,SUV,Số tự động,Xăng  1.5 L,Vàng,Đen,FWD - Dẫn động cầu trước,7 chỗ,599 Triệu
Xe Mercedes Benz C class C250 CGI,2010,Xe đã dùng,"140,000 Km",Lắp ráp trong nước,Sedan,Số tự động,Xăng  1.8 L,Đen,Đen,RFD - Dẫn động cầu sau,5 chỗ,290 Triệu
Xe Ford Transit SVP,2019,Xe đã dùng,"80,000 Km",Lắp ráp trong nước,Van/Minivan,Số tay,Dầu  2.4 L,Bạc,Kem,RFD - Dẫn động cầu sau,16 chỗ,595 Triệu
Xe Lexus RX 350,2016,Xe đã dùng,0 Km,Nhập khẩu,SUV,Số tự động,Xăng  3.5 L,Trắng,Nâu,AWD - 4 bánh toàn thời gian,5 chỗ,2 Tỷ 80 Triệu
Xe Toyota Avanza Premio 1.5 MT,2023,Xe mới,Xe mới,Lắp ráp trong nước,SUV,Số tay,Xăng  1.5 L,Trắng,Đen,RFD - Dẫn động cầu sau,7 chỗ,530 Triệu
Xe Isuzu NMR 1.9T,2007,Xe đã dùng,0 Km,Lắp ráp trong nước,Truck,Số tay,Dầu,Đỏ,Nhiều màu,RFD - Dẫn động cầu sau,3 chỗ,200 Triệu
Xe Lexus RX 350,2019,Xe đã dùng,"50,000 Km",Nhập khẩu,SUV,Số tự động,Xăng  3.5 L,Đỏ,Nâu,AWD - 4 bánh toàn thời gian,5 chỗ,2 Tỷ 750 Triệu
Xe Ford Fiesta S 1.0AT Ecoboost,2016,Xe đã dùng,"58,100 Km",Lắp ráp trong nước,Hatchback,Số tự động,Xăng  1.0 L,Đỏ,Nhiều màu,FWD - Dẫn động cầu trước,5 chỗ,326 Triệu
Xe Toyota Fortuner 2.7V 4x4 AT,2015,Xe đã dùng,"74,200 Km",Lắp ráp trong nước,SUV,Số tự động,Xăng  2.7 L,Nâu,Kem,4WD - Dẫn động 4 bánh,7 chỗ,445 Triệu
Xe Toyota Sequoia Limited 5.7 AT 4WD,2008,Xe đã dùng,"1,234 Km",Nhập khẩu,SUV,Số tự động,Xăng  5.7 L,Xanh,Ghi,4WD - Dẫn động 4 bánh,7 chỗ,1 Tỷ 390 Triệu
Xe Mercedes Benz GLC 200,2019,Xe đã dùng,"70,000 Km",Lắp ráp trong nước,SUV,Số tự động,Xăng  2.0 L,Xanh,Đen,RFD - Dẫn động cầu sau,5 chỗ,999 Triệu
Xe Kia K3 2.0 AT,2014,Xe đã dùng,"68,600 Km",Lắp ráp trong nước,Sedan,Số tự động,Xăng  2.0 L,Trắng,Đen,FWD - Dẫn động cầu trước,5 chỗ,381 Triệu
Xe VinFast Lux A 2.0 2.0 AT,2020,Xe đã dùng,"35,000 Km",Lắp ráp trong nước,Sedan,Số tự động,Xăng  2.0 L,Đen,Đen,RFD - Dẫn động cầu sau,5 chỗ,560 Triệu
Xe Chevrolet Cruze LS 1.6 MT,2011,Xe đã dùng,"112,000 Km",Lắp ráp trong nước,Sedan,Số tay,Xăng  1.6 L,Vàng,Nhiều màu,FWD - Dẫn động cầu trước,5 chỗ,188 Triệu
Xe Kia Carnival Luxury 2.2D,2023,Xe mới,Xe mới,Lắp ráp trong nước,Van/Minivan,Số tự động,Dầu  2.2 L,Trắng,Kem,FWD - Dẫn động cầu trước,8 chỗ,1 Tỷ 209 Triệu
Xe Toyota Innova 2.0G,2018,Xe đã dùng,"80,000 Km",Lắp ráp trong nước,Crossover,Số tự động,Xăng  2.0 L,Đồng,Đen,RFD - Dẫn động cầu sau,8 chỗ,595 Triệu
Xe Kia Forte Koup 1.6 AT,2009,Xe đã dùng,"92,100 Km",Nhập khẩu,Coupe,Số tự động,Xăng  1.6 L,Đỏ,Nhiều màu,FWD - Dẫn động cầu trước,5 chỗ,255 Triệu
Xe Peugeot 5008 GT 1.6 AT,2022,Xe đã dùng,"9,000 Km",Lắp ráp trong nước,SUV,Số tự động,Xăng  1.6 L,Xám,Nâu,FWD - Dẫn động cầu trước,7 chỗ,999 Triệu
Xe Ford Everest Titanium 2.0L 4x2 AT,2023,Xe đã dùng,"6,000 Km",Nhập khẩu,SUV,Số tự động,Dầu  2.0 L,Đỏ,Đen,RFD - Dẫn động cầu sau,7 chỗ,1 Tỷ 270 Triệu
Xe Mazda 3 1.5 AT,2015,Xe đã dùng,"72,000 Km",Lắp ráp trong nước,Sedan,Số tự động,Xăng  1.5 L,Trắng,-,FWD - Dẫn động cầu trước,5 chỗ,375 Triệu
Xe Ford Ranger Raptor 2.0L 4x4 AT,2021,Xe đã dùng,"38,000 Km",Nhập khẩu,Bán tải / Pickup,Số tự động,Dầu  2.0 L,Xanh,Đen,4WD - Dẫn động 4 bánh,5 chỗ,990 Triệu
Xe Mazda 3 1.5 AT,2018,Xe đã dùng,"60,000 Km",Lắp ráp trong nước,Sedan,Số tự động,Xăng  1.5 L,Đen,Đen,FWD - Dẫn động cầu trước,5 chỗ,455 Triệu
Xe Honda CRV 2.4 AT,2014,Xe đã dùng,"82,000 Km",Lắp ráp trong nước,SUV,Số tự động,Xăng  2.4 L,Trắng,Đen,FWD - Dẫn động cầu trước,5 chỗ,499 Triệu
Xe Honda CRV L,2019,Xe đã dùng,"56,000 Km",Nhập khẩu,SUV,Số tự động,Xăng  1.5 L,Trắng,Đen,FWD - Dẫn động cầu trước,7 chỗ,790 Triệu
Xe Peugeot 2008 GT Line 1.2 AT,2022,Xe đã dùng,"16,000 Km",Lắp ráp trong nước,Crossover,Số tự động,Xăng  1.2 L,Đỏ,Đen,FWD - Dẫn động cầu trước,5 chỗ,699 Triệu
Xe LandRover Range Rover Velar R-Dynamic SE 2.0,2021,Xe mới,Xe mới,Nhập khẩu,SUV,Số tự động,Xăng  2.0 L,Trắng,Nâu,AWD - 4 bánh toàn thời gian,5 chỗ,5 Tỷ 90 Triệu
Xe Kia Cerato 1.6 AT Luxury,2019,Xe đã dùng,"22,000 Km",Lắp ráp trong nước,Sedan,Số tự động,Xăng  1.6 L,Đỏ,Đỏ,FWD - Dẫn động cầu trước,5 chỗ,460 Triệu
Xe Ford Territory Titanium 1.5 AT,2023,Xe mới,Xe mới,Lắp ráp trong nước,SUV,Số tự động,Xăng  1.5 L,Trắng,Đen,FWD - Dẫn động cầu trước,5 chỗ,824 Triệu
Xe Toyota Veloz Cross 1.5 CVT,2022,Xe đã dùng,"20,900 Km",Nhập khẩu,SUV,Số tự động,Xăng  1.5 L,Trắng,Đen,FWD - Dẫn động cầu trước,7 chỗ,599 Triệu
Xe Toyota Innova 2.0G,2019,Xe đã dùng,"100,000 Km",Lắp ráp trong nước,Crossover,Số tự động,Xăng  2.0 L,Bạc,Đen,RFD - Dẫn động cầu sau,8 chỗ,589 Triệu
Xe Ford Ranger Raptor 2.0L 4x4 AT,2020,Xe đã dùng,"41,000 Km",Nhập khẩu,Bán tải / Pickup,Số tự động,Dầu  2.0 L,Xanh,Đen,4WD - Dẫn động 4 bánh,5 chỗ,999 Triệu
Xe Toyota Corolla Cross 1.8V,2023,Xe mới,Xe mới,Nhập khẩu,SUV,Số tự động,Xăng  1.8 L,Xanh,Đen,FWD - Dẫn động cầu trước,5 chỗ,805 Triệu
Xe Mazda 3 2.0 AT,2015,Xe đã dùng,"98,000 Km",Lắp ráp trong nước,Sedan,Số tự động,Xăng  2.0 L,Trắng,Đen,FWD - Dẫn động cầu trước,5 chỗ,420 Triệu
Xe Lexus RX 300,2018,Xe đã dùng,"98,000 Km",Nhập khẩu,SUV,Số tự động,Xăng  2.0 L,Xanh,Kem,AWD - 4 bánh toàn thời gian,5 chỗ,2 Tỷ 95 Triệu
Xe Ford Focus Ti,2014,Xe đã dùng,"85,000 Km",Lắp ráp trong nước,Sedan,Số tự động,Xăng,Bạc,Bạc,FWD - Dẫn động cầu trước,5 chỗ,320 Triệu
Xe Lexus LX 570,2008,Xe đã dùng,"8,000 Km",Nhập khẩu,SUV,Số tự động,Xăng  5.7 L,Ghi,-,AWD - 4 bánh toàn thời gian,7 chỗ,1 Tỷ 388 Triệu
Xe Toyota Innova E 2.0 MT,2023,Xe mới,Xe mới,Lắp ráp trong nước,Crossover,Số tay,Xăng  2.0 L,Bạc,Màu khác,RFD - Dẫn động cầu sau,8 chỗ,740 Triệu
Xe Kia Carens CRDi 2.0 AT,2008,Xe đã dùng,0 Km,Nhập khẩu,Crossover,Số tự động,Dầu  2.0 L,Đen,Ghi,FWD - Dẫn động cầu trước,7 chỗ,265 Triệu
Xe Toyota Veloz Cross 1.5 CVT,2022,Xe đã dùng,"16,000 Km",Nhập khẩu,SUV,Số tự động,Xăng  1.5 L,Đen,Ghi,FWD - Dẫn động cầu trước,7 chỗ,590 Triệu
Xe Honda City RS 1.5 AT,2021,Xe đã dùng,"25,000 Km",Lắp ráp trong nước,Sedan,Số tự động,Xăng  1.5 L,Xanh,Đen,FWD - Dẫn động cầu trước,5 chỗ,505 Triệu
Xe Lexus LX 570,2016,Xe đã dùng,"120,000 Km",Nhập khẩu,SUV,Số tự động,Xăng  5.7 L,Đen,Kem,AWD - 4 bánh toàn thời gian,7 chỗ,4 Tỷ 950 Triệu
Xe Toyota Innova G,2012,Xe đã dùng,"140,000 Km",Lắp ráp trong nước,Crossover,Số tay,Xăng  2.0 L,Bạc,Ghi,RFD - Dẫn động cầu sau,8 chỗ,295 Triệu
Xe Mitsubishi Outlander 2.0 CVT,2020,Xe đã dùng,"37,000 Km",Lắp ráp trong nước,SUV,Số tự động,Xăng  2.0 L,Trắng,Trắng,FWD - Dẫn động cầu trước,7 chỗ,670 Triệu
Xe Mitsubishi Xpander Premium 1.5 AT,2023,Xe mới,Xe mới,Nhập khẩu,SUV,Số tự động,Xăng  1.5 L,Đen,Đen,FWD - Dẫn động cầu trước,7 chỗ,658 Triệu
Xe Kia Carnival Signature 2.2D,2023,Xe mới,Xe mới,Lắp ráp trong nước,Van/Minivan,Số tự động,Dầu  2.2 L,Vàng,Nâu,FWD - Dẫn động cầu trước,7 chỗ,1 Tỷ 429 Triệu
Xe Mitsubishi Attrage 1.2 CVT,2023,Xe mới,Xe mới,Nhập khẩu,Sedan,Số tự động,Xăng  1.2 L,Đỏ,Đen,FWD - Dẫn động cầu trước,5 chỗ,460 Triệu
Xe Honda BR V L,2023,Xe mới,Xe mới,Nhập khẩu,SUV,Số tự động,Xăng  1.5 L,Trắng,-,FWD - Dẫn động cầu trước,7 chỗ,626 Triệu
Xe Kia Carnival Signature 2.2D,2022,Xe đã dùng,"16,000 Km",Lắp ráp trong nước,Van/Minivan,Số tự động,Dầu  2.2 L,Trắng,Nâu,FWD - Dẫn động cầu trước,7 chỗ,1 Tỷ 389 Triệu
Xe Mazda CX5 2.5 AT 2WD,2019,Xe đã dùng,"63,000 Km",Lắp ráp trong nước,SUV,Số tự động,Xăng  2.5 L,Trắng,Đen,FWD - Dẫn động cầu trước,5 chỗ,675 Triệu
Xe Lexus RX 300,2020,Xe đã dùng,"19,000 Km",Nhập khẩu,SUV,Số tự động,Xăng  2.0 L,Trắng,Nâu,AWD - 4 bánh toàn thời gian,5 chỗ,2 Tỷ 850 Triệu
Xe Toyota Vios 1.5E,2017,Xe đã dùng,"9,896 Km",Lắp ráp trong nước,Sedan,Số tay,Xăng  1.5 L,Trắng,Kem,FWD - Dẫn động cầu trước,5 chỗ,295 Triệu
Xe Ford Territory Titanium X 1.5 AT,2023,Xe mới,Xe mới,Lắp ráp trong nước,SUV,Số tự động,Xăng  1.5 L,Đen,Đen,FWD - Dẫn động cầu trước,5 chỗ,954 Triệu
Xe VinFast VF5 Plus,2023,Xe mới,Xe mới,Lắp ráp trong nước,SUV,Số tự động,Điện,Xám,Đen,FWD - Dẫn động cầu trước,5 chỗ,458 Triệu
Xe Kia K5 Luxury 2.0 AT,2023,Xe mới,Xe mới,Lắp ráp trong nước,Sedan,Số tự động,Xăng  2.0 L,Đỏ,Đen,FWD - Dẫn động cầu trước,5 chỗ,859 Triệu
Xe Chevrolet Captiva LTZ 2.4 AT,2007,Xe đã dùng,"80,000 Km",Lắp ráp trong nước,SUV,Số tự động,Xăng  2.4 L,Bạc,Kem,FWD - Dẫn động cầu trước,7 chỗ,225 Triệu
Xe Audi A6 45 TFSI,2021,Xe đã dùng,"27,000 Km",Nhập khẩu,Sedan,Số tự động,Xăng  2.0 L,Trắng,Nâu,FWD - Dẫn động cầu trước,5 chỗ,1 Tỷ 861 Triệu
Xe VinFast Fadil 1.4 AT,2019,Xe đã dùng,526 Km,Lắp ráp trong nước,Hatchback,Số tự động,Xăng  1.4 L,Đỏ,Đen,FWD - Dẫn động cầu trước,5 chỗ,280 Triệu
Xe Haval H6 HEV,2023,Xe mới,Xe mới,Nhập khẩu,SUV,Số tự động,Hybrid  1.5 L,Trắng,Đen,FWD - Dẫn động cầu trước,5 chỗ,852 Triệu
Xe Ford Everest Titanium Plus 2.0L 4x4 AT,2023,Xe đã dùng,"12,000 Km",Nhập khẩu,SUV,Số tự động,Dầu  2.0 L,Trắng,Kem,4WD - Dẫn động 4 bánh,7 chỗ,1 Tỷ 439 Triệu
Xe Ford Ranger Wildtrak 2.0L 4x4 AT,2018,Xe đã dùng,"80,000 Km",Nhập khẩu,Bán tải / Pickup,Số tự động,Dầu  2.0 L,Cam,Đen,4WD - Dẫn động 4 bánh,5 chỗ,630 Triệu
Xe Toyota Innova G,2009,Xe đã dùng,"23,000,000 Km",Lắp ráp trong nước,Crossover,Số tay,Xăng  2.0 L,Bạc,Bạc,RFD - Dẫn động cầu sau,8 chỗ,285 Triệu
Xe Hyundai Kona 1.6 Turbo,2020,Xe đã dùng,"40,000 Km",Lắp ráp trong nước,Crossover,Số tự động,Xăng  1.6 L,Trắng,Đen,FWD - Dẫn động cầu trước,5 chỗ,568 Triệu
Xe Mitsubishi Xpander 1.5 MT,2023,Xe mới,Xe mới,Lắp ráp trong nước,SUV,Số tay,Xăng  1.5 L,Đen,Đen,FWD - Dẫn động cầu trước,7 chỗ,555 Triệu
Xe Mercedes Benz GLE Class GLE 450 4Matic,2022,Xe mới,Xe mới,Nhập khẩu,SUV,Số tự động,Xăng  3.0 L,Đen,Đen,AWD - 4 bánh toàn thời gian,7 chỗ,4 Tỷ 359 Triệu
Xe Mitsubishi Attrage 1.2 MT,2023,Xe mới,Xe mới,Nhập khẩu,Sedan,Số tay,Xăng  1.2 L,Trắng,Đen,FWD - Dẫn động cầu trước,5 chỗ,380 Triệu
Xe Toyota Wigo 1.2 AT,2021,Xe đã dùng,"12,860 Km",Nhập khẩu,Hatchback,Số tự động,Xăng  1.2 L,Bạc,Đen,FWD - Dẫn động cầu trước,5 chỗ,375 Triệu
Xe Kia Morning Si AT,2016,Xe đã dùng,"90,000 Km",Lắp ráp trong nước,Hatchback,Số tự động,Xăng  1.25 L,Trắng,Đen,FWD - Dẫn động cầu trước,5 chỗ,295 Triệu
Xe Nissan Almera VL 1.0 CVT Cao cấp,2023,Xe mới,Xe mới,Nhập khẩu,Sedan,Số tự động,Xăng  1.0 L,Xám,-,FWD - Dẫn động cầu trước,5 chỗ,495 Triệu
Xe Mercedes Benz GLC 200 4Matic,2022,Xe đã dùng,"46,661 Km",Lắp ráp trong nước,SUV,Số tự động,Xăng  2.0 L,Trắng,Kem,AWD - 4 bánh toàn thời gian,5 chỗ,1 Tỷ 639 Triệu
Xe Mercedes Benz S class S400L,2014,Xe đã dùng,"150,000 Km",Lắp ráp trong nước,Sedan,Số tự động,Xăng  3.0 L,Trắng,Đen,RFD - Dẫn động cầu sau,5 chỗ,1 Tỷ 299 Triệu
Xe Toyota Vios E CVT,2023,Xe mới,Xe mới,Lắp ráp trong nước,Sedan,Số tự động,Xăng  1.5 L,Đen,Đen,FWD - Dẫn động cầu trước,5 chỗ,480 Triệu
Xe BMW 7 Series 735i Pure Excellence,2023,Xe mới,Xe mới,Nhập khẩu,Sedan,Số tự động,Xăng  3.0 L,Đen,Nâu,RFD - Dẫn động cầu sau,5 chỗ,4 Tỷ 739 Triệu
Xe Kia K5 Luxury 2.0 AT,2023,Xe mới,Xe mới,Lắp ráp trong nước,Sedan,Số tự động,Xăng  2.0 L,Trắng,-,FWD - Dẫn động cầu trước,5 chỗ,859 Triệu
Xe Mazda 3 1.5L Deluxe,2023,Xe mới,Xe mới,Lắp ráp trong nước,Sedan,Số tự động,Xăng  1.5 L,Đỏ,-,FWD - Dẫn động cầu trước,5 chỗ,579 Triệu
Xe Chevrolet Captiva LTZ Maxx 2.0 AT,2009,Xe đã dùng,0 Km,Lắp ráp trong nước,SUV,Số tự động,Dầu  2.0 L,Bạc,-,FWD - Dẫn động cầu trước,7 chỗ,268 Triệu
Xe Honda Civic RS 1.5 AT,2023,Xe mới,Xe mới,Nhập khẩu,Sedan,Số tự động,Xăng  1.5 L,Trắng,Đen,FWD - Dẫn động cầu trước,5 chỗ,859 Triệu
Xe Toyota Vios 1.5E CVT,2018,Xe đã dùng,"60,000 Km",Lắp ráp trong nước,Sedan,Số tự động,Xăng  1.5 L,Cát,Kem,FWD - Dẫn động cầu trước,5 chỗ,398 Triệu
Xe Nissan Tiida 1.6 AT,2007,Xe đã dùng,"240,000 Km",Nhập khẩu,Hatchback,Số tự động,Xăng  1.6 L,Vàng,Kem,FWD - Dẫn động cầu trước,5 chỗ,171 Triệu
Xe Toyota Camry LE 3.0 AT,1992,Xe đã dùng,"215,000 Km",Nhập khẩu,Sedan,Số tự động,Xăng  3.0 L,Bạc,Ghi,FWD - Dẫn động cầu trước,5 chỗ,61 Triệu
Xe Nissan Murano SL 3.5 AWD,2005,Xe đã dùng,"110,000 Km",Nhập khẩu,Crossover,Số tự động,Xăng  3.5 L,Đen,Đen,AWD - 4 bánh toàn thời gian,5 chỗ,171 Triệu
Xe Mercedes Benz C class C200,2011,Xe đã dùng,"86,000 Km",Lắp ráp trong nước,Sedan,Số tự động,Xăng  1.8 L,Bạc,Đen,RFD - Dẫn động cầu sau,5 chỗ,375 Triệu
Xe Porsche Macan 2.0,2015,Xe đã dùng,"78,000 Km",Nhập khẩu,SUV,Số tự động,Xăng  2.0 L,Màu khác,Kem,AWD - 4 bánh toàn thời gian,5 chỗ,1 Tỷ 600 Triệu
Xe Mazda BT50 Deluxe 2.2L 4x2 AT,2021,Xe đã dùng,"29,010 Km",Nhập khẩu,Bán tải / Pickup,Số tự động,Dầu  2.2 L,Xanh,Đen,RFD - Dẫn động cầu sau,5 chỗ,588 Triệu
Xe MG 5 Standard 1.5 AT,2022,Xe mới,Xe mới,Nhập khẩu,Sedan,Số tự động,Xăng  1.5 L,Đỏ,Đen,FWD - Dẫn động cầu trước,5 chỗ,420 Triệu
Xe Ford Everest Ambiente 2.0 4x2 AT,2019,Xe đã dùng,"50,000 Km",Nhập khẩu,SUV,Số tự động,Dầu  2.0 L,Nâu,Đen,RFD - Dẫn động cầu sau,7 chỗ,815 Triệu
Xe LandRover Range Rover Evoque Dynamic,2013,Xe đã dùng,"58,000 Km",Nhập khẩu,SUV,Số tự động,Xăng  2.0 L,Đỏ,Nhiều màu,AWD - 4 bánh toàn thời gian,5 chỗ,788 Triệu
Xe Ford EcoSport Titanium 1.5L AT,2018,Xe đã dùng,"73,000 Km",Lắp ráp trong nước,SUV,Số tự động,Xăng  1.5 L,Đen,Đen,FWD - Dẫn động cầu trước,5 chỗ,425 Triệu
Xe Nissan X trail 2.0 2WD,2017,Xe đã dùng,"55,000 Km",Lắp ráp trong nước,SUV,Số tự động,Xăng  2.0 L,Bạc,Đen,FWD - Dẫn động cầu trước,7 chỗ,573 Triệu
Xe Hyundai County ,2011,Xe đã dùng,"270,000 Km",Lắp ráp trong nước,Van/Minivan,Số tay,Dầu,Kem,Ghi,RFD - Dẫn động cầu sau,29 chỗ,490 Triệu
Xe Hyundai i10 Grand 1.0 MT,2014,Xe đã dùng,800 Km,Nhập khẩu,Hatchback,Số tay,Xăng  1.0 L,Bạc,Nhiều màu,FWD - Dẫn động cầu trước,5 chỗ,183 Triệu
Xe Ford EcoSport Titanium 1.5L AT,2015,Xe đã dùng,"60,000 Km",Lắp ráp trong nước,SUV,Số tự động,Xăng  1.5 L,Trắng,Ghi,FWD - Dẫn động cầu trước,5 chỗ,385 Triệu
Xe Mazda 6 Premium 2.0 AT,2023,Xe mới,Xe mới,Lắp ráp trong nước,Sedan,Số tự động,Xăng  2.0 L,Đỏ,Đen,FWD - Dẫn động cầu trước,5 chỗ,779 Triệu
Xe BMW 3 Series 320i Sport Line,2023,Xe đã dùng,0 Km,Lắp ráp trong nước,Sedan,Số tự động,Xăng  2.0 L,Trắng,Nâu,RFD - Dẫn động cầu sau,5 chỗ,1 Tỷ 455 Triệu
Xe Hyundai Accent 1.4 MT,2021,Xe đã dùng,"30,000 Km",Lắp ráp trong nước,Sedan,Số tay,Xăng  1.4 L,Đen,Nhiều màu,FWD - Dẫn động cầu trước,5 chỗ,415 Triệu
Xe Mitsubishi Xpander Cross 1.5 AT,2020,Xe đã dùng,"36,000 Km",Nhập khẩu,SUV,Số tự động,Xăng  1.5 L,Cam,Nhiều màu,FWD - Dẫn động cầu trước,7 chỗ,555 Triệu
Xe Hyundai Kona 2.0 ATH,2020,Xe đã dùng,"37,000 Km",Lắp ráp trong nước,Crossover,Số tự động,Xăng  2.0 L,Trắng,Đen,FWD - Dẫn động cầu trước,5 chỗ,545 Triệu
Xe Hyundai Accent 1.4 AT Đặc Biệt,2022,Xe đã dùng,"35,000 Km",Lắp ráp trong nước,Sedan,Số tự động,Xăng  1.4 L,Đỏ,Kem,FWD - Dẫn động cầu trước,5 chỗ,465 Triệu
Xe Toyota Alphard Luxury Executive Lounge,2021,Xe đã dùng,"25,000 Km",Nhập khẩu,Van/Minivan,Số tự động,Xăng  3.5 L,Đen,Đen,FWD - Dẫn động cầu trước,7 chỗ,4 Tỷ 439 Triệu
Xe Honda Civic RS 1.5 AT,2023,Xe mới,Xe mới,Nhập khẩu,Sedan,Số tự động,Xăng  1.5 L,Trắng,Đen,FWD - Dẫn động cầu trước,5 chỗ,875 Triệu
Xe Mazda BT50 2.2L 4x4 MT,2015,Xe đã dùng,"108,520 Km",Nhập khẩu,Bán tải / Pickup,Số tay,Dầu  2.2 L,Nâu,Đen,4WD - Dẫn động 4 bánh,5 chỗ,365 Triệu
Xe Lexus LS 430,2005,Xe đã dùng,"180,000 Km",Nhập khẩu,Sedan,Số tự động,Xăng  4.3 L,Đen,Đen,RFD - Dẫn động cầu sau,5 chỗ,575 Triệu
Xe Toyota Vios E 1.5 MT,2022,Xe đã dùng,0 Km,Lắp ráp trong nước,Sedan,Số tay,Xăng  1.5 L,Cát,Đen,FWD - Dẫn động cầu trước,5 chỗ,435 Triệu
Xe Ford Ranger XLS 2.0L 4x4 AT,2022,Xe đã dùng,"35,000 Km",Lắp ráp trong nước,Bán tải / Pickup,Số tự động,Dầu  2.0 L,Trắng,Đen,4WD - Dẫn động 4 bánh,5 chỗ,665 Triệu
Xe Ford Ranger XLS 2.0L 4x2 AT,2023,Xe mới,Xe mới,Lắp ráp trong nước,Bán tải / Pickup,Số tự động,Dầu  2.0 L,Trắng,Đen,RFD - Dẫn động cầu sau,5 chỗ,677 Triệu
Xe Toyota Highlander LE 2.7,2014,Xe đã dùng,"70,000 Km",Nhập khẩu,SUV,Số tự động,Xăng  2.7 L,Cát,Nâu,FWD - Dẫn động cầu trước,7 chỗ,955 Triệu
Xe Lexus LX 570,2016,Xe đã dùng,0 Km,Nhập khẩu,SUV,Số tự động,Xăng  5.7 L,Trắng,Đỏ,AWD - 4 bánh toàn thời gian,7 chỗ,4 Tỷ 750 Triệu
Xe Mercedes Benz Maybach S560 4Matic,2019,Xe đã dùng,"42,000 Km",Nhập khẩu,Sedan,Số tự động,Xăng  4.0 L,Đen,Nâu,AWD - 4 bánh toàn thời gian,4 chỗ,5 Tỷ 999 Triệu
Xe Audi Q5 2.0 AT,2012,Xe đã dùng,"60,000 Km",Nhập khẩu,SUV,Số tự động,Xăng  2.0 L,Đỏ,Kem,AWD - 4 bánh toàn thời gian,5 chỗ,686 Triệu
Xe Hyundai Tucson 2.0 AT Tiêu chuẩn,2021,Xe đã dùng,"5,000 Km",Lắp ráp trong nước,Crossover,Số tự động,Xăng  2.0 L,Màu khác,Màu khác,FWD - Dẫn động cầu trước,5 chỗ,850 Triệu
Xe Lexus RX 300,2020,Xe đã dùng,"58,000 Km",Nhập khẩu,SUV,Số tự động,Xăng  2.0 L,Vàng,Nâu,AWD - 4 bánh toàn thời gian,5 chỗ,2 Tỷ 790 Triệu
Xe Audi Q8 55 TFSI S-Line Quattro,2021,Xe đã dùng,"10,000 Km",Nhập khẩu,SUV,Số tự động,Xăng  3.0 L,Xanh,Đen,AWD - 4 bánh toàn thời gian,5 chỗ,3 Tỷ 650 Triệu
Xe Mitsubishi Xpander 1.5 AT,2019,Xe đã dùng,"82,000 Km",Nhập khẩu,SUV,Số tự động,Xăng  1.5 L,Trắng,Kem,FWD - Dẫn động cầu trước,7 chỗ,485 Triệu
Xe Mitsubishi Grunder 2.4 AT,2010,Xe đã dùng,"89,000 Km",Nhập khẩu,Sedan,Số tự động,Xăng  2.4 L,Đen,Đen,FWD - Dẫn động cầu trước,5 chỗ,355 Triệu
Xe Mercedes Benz S class S400L,2017,Xe đã dùng,"80,000 Km",Lắp ráp trong nước,Sedan,Số tự động,Xăng  3.0 L,Đen,Kem,RFD - Dẫn động cầu sau,5 chỗ,1 Tỷ 500 Triệu
Xe Nissan Navara VL 2.5 AT 4WD,2017,Xe đã dùng,"110,000 Km",Nhập khẩu,Bán tải / Pickup,Số tự động,Dầu  2.5 L,Cam,Kem,4WD - Dẫn động 4 bánh,5 chỗ,470 Triệu
Xe Mercedes Benz GLC 300 4Matic,2023,Xe mới,Xe mới,Lắp ráp trong nước,SUV,Số tự động,Xăng  2.0 L,Trắng,Nâu,AWD - 4 bánh toàn thời gian,5 chỗ,2 Tỷ 799 Triệu
Xe Mercedes Benz E class E200,2019,Xe đã dùng,"50,000 Km",Lắp ráp trong nước,Sedan,Số tự động,Xăng  2.0 L,Đen,Nâu,RFD - Dẫn động cầu sau,5 chỗ,1 Tỷ 368 Triệu
Xe Kia Carnival Signature 2.2D,2022,Xe đã dùng,"6,000 Km",Lắp ráp trong nước,Van/Minivan,Số tự động,Dầu  2.2 L,Đỏ,Nâu,FWD - Dẫn động cầu trước,7 chỗ,1 Tỷ 279 Triệu
Xe Kia Rio 1.4 AT,2016,Xe đã dùng,"100,000 Km",Nhập khẩu,Sedan,Số tự động,Xăng  1.4 L,Trắng,Kem,FWD - Dẫn động cầu trước,5 chỗ,355 Triệu
Xe Toyota Fortuner 2.7V 4x2 AT,2014,Xe đã dùng,"130,000 Km",Lắp ráp trong nước,SUV,Số tự động,Xăng  2.7 L,Bạc,Kem,RFD - Dẫn động cầu sau,7 chỗ,455 Triệu
Xe Toyota Alphard Luxury Executive Lounge,2021,Xe đã dùng,0 Km,Nhập khẩu,Van/Minivan,Số tự động,Xăng  3.5 L,Trắng,Đen,FWD - Dẫn động cầu trước,7 chỗ,3 Tỷ 700 Triệu
Xe Kia Seltos Deluxe 1.4 AT,2023,Xe mới,Xe mới,Lắp ráp trong nước,Crossover,Số tự động,Xăng  1.4 L,Cam,Đen,FWD - Dẫn động cầu trước,5 chỗ,599 Triệu
Xe Chevrolet Cruze LTZ 1.8 AT,2016,Xe đã dùng,"50,000 Km",Lắp ráp trong nước,Sedan,Số tự động,Xăng  1.8 L,Trắng,Xám,FWD - Dẫn động cầu trước,5 chỗ,330 Triệu
Xe Toyota Camry 2.0Q,2023,Xe mới,Xe mới,Nhập khẩu,Sedan,Số tự động,Xăng  2.0 L,Trắng,Kem,FWD - Dẫn động cầu trước,5 chỗ,1 Tỷ 150 Triệu
Xe Kia Morning EX,2016,Xe đã dùng,"150,000 Km",Lắp ráp trong nước,Hatchback,Số tay,Xăng  1.25 L,Bạc,Đen,FWD - Dẫn động cầu trước,5 chỗ,155 Triệu
Xe Ford Ranger XLS 2.2L 4x2 AT,2019,Xe đã dùng,"60,000 Km",Nhập khẩu,Bán tải / Pickup,Số tự động,Dầu  2.2 L,Trắng,Đen,RFD - Dẫn động cầu sau,5 chỗ,535 Triệu
Xe Mercedes Benz GLC 300 4Matic,2019,Xe đã dùng,"60,000 Km",Lắp ráp trong nước,SUV,Số tự động,Xăng  2.0 L,Trắng,Đen,AWD - 4 bánh toàn thời gian,5 chỗ,1 Tỷ 350 Triệu
Xe Ford Everest Wildtrak 2.0L 4x4 AT,2023,Xe mới,Xe mới,Nhập khẩu,SUV,Số tự động,Dầu  2.0 L,Đỏ,Đen,4WD - Dẫn động 4 bánh,7 chỗ,1 Tỷ 388 Triệu
Xe Ford Everest Titanium 2.0L 4x2 AT,2023,Xe mới,Xe mới,Nhập khẩu,SUV,Số tự động,Dầu  2.0 L,Cam,Màu khác,RFD - Dẫn động cầu sau,7 chỗ,1 Tỷ 229 Triệu
Xe Lexus RX 200t,2017,Xe đã dùng,"50,000 Km",Nhập khẩu,SUV,Số tự động,Xăng  2.0 L,Đỏ,Đen,AWD - 4 bánh toàn thời gian,5 chỗ,1 Tỷ 995 Triệu
Xe Hyundai Accent 1.4 MT Base,2020,Xe đã dùng,"39,300 Km",Lắp ráp trong nước,Sedan,Số tay,Xăng  1.4 L,Màu khác,Màu khác,FWD - Dẫn động cầu trước,5 chỗ,358 Triệu
Xe Kia Seltos Deluxe 1.4 AT,2023,Xe mới,Xe mới,Lắp ráp trong nước,Crossover,Số tự động,Xăng  1.4 L,Xanh,Đen,FWD - Dẫn động cầu trước,5 chỗ,599 Triệu
Xe VinFast Lux A 2.0 Tiêu chuẩn,2022,Xe đã dùng,"5,000 Km",Lắp ráp trong nước,Sedan,Số tự động,Xăng  2.0 L,Đỏ,Đen,RFD - Dẫn động cầu sau,5 chỗ,605 Triệu
Xe Lexus RX 350 Premium,2023,Xe mới,Xe mới,Nhập khẩu,SUV,Số tự động,Xăng  2.4 L,Cát,Nâu,AWD - 4 bánh toàn thời gian,5 chỗ,3 Tỷ 430 Triệu
Xe Ford Territory Titanium X 1.5 AT,2023,Xe mới,Xe mới,Lắp ráp trong nước,SUV,Số tự động,Xăng  1.5 L,Đen,Đen,FWD - Dẫn động cầu trước,5 chỗ,954 Triệu
Xe Toyota Raize G 1.0 CVT,2023,Xe mới,Xe mới,Nhập khẩu,SUV,Số tự động,Xăng  1.0 L,Trắng,Đen,FWD - Dẫn động cầu trước,5 chỗ,525 Triệu
Xe Kia Seltos Premium 1.4 AT,2021,Xe đã dùng,"14,000 Km",Lắp ráp trong nước,Crossover,Số tự động,Xăng  1.4 L,Đen,Kem,FWD - Dẫn động cầu trước,5 chỗ,620 Triệu
Xe Ford Ranger Raptor 2.0L 4x4 AT,2022,Xe đã dùng,"18,000 Km",Nhập khẩu,Bán tải / Pickup,Số tự động,Dầu  2.0 L,Xanh,Đen,4WD - Dẫn động 4 bánh,5 chỗ,999 Triệu
Xe Ford Escape XLS 2.3L 4x2 AT,2009,Xe đã dùng,"110,000 Km",Lắp ráp trong nước,SUV,Số tự động,Xăng  2.3 L,Cát,Đen,FWD - Dẫn động cầu trước,5 chỗ,245 Triệu
Xe Suzuki Swift GLX 1.2 AT,2020,Xe đã dùng,"45,000 Km",Nhập khẩu,Hatchback,Số tự động,Xăng  1.2 L,Đỏ,Đen,FWD - Dẫn động cầu trước,5 chỗ,455 Triệu
Xe Mercedes Benz GLC 200 4Matic,2021,Xe đã dùng,"4,000 Km",Lắp ráp trong nước,SUV,Số tự động,Xăng  2.0 L,Đỏ,Đen,AWD - 4 bánh toàn thời gian,5 chỗ,1 Tỷ 638 Triệu
Xe Mitsubishi Triton Athlete 4x4 AT,2023,Xe mới,Xe mới,Nhập khẩu,Bán tải / Pickup,Số tự động,Dầu  2.4 L,Đen,Nhiều màu,4WD - Dẫn động 4 bánh,5 chỗ,905 Triệu
Xe Kia Rondo GAT Deluxe,2020,Xe đã dùng,"28,000 Km",Lắp ráp trong nước,SUV,Số tự động,Xăng  2.0 L,Trắng,Kem,FWD - Dẫn động cầu trước,7 chỗ,525 Triệu
Xe Mitsubishi Xpander 1.5 AT,2020,Xe đã dùng,"61,000 Km",Nhập khẩu,SUV,Số tự động,Xăng  1.5 L,Bạc,Bạc,FWD - Dẫn động cầu trước,7 chỗ,495 Triệu
Xe Kia Carens EXMT,2015,Xe đã dùng,"90,000 Km",Lắp ráp trong nước,Crossover,Số tay,Xăng  2.0 L,Bạc,Bạc,FWD - Dẫn động cầu trước,7 chỗ,239 Triệu
Xe Hyundai Getz 1.1 MT,2010,Xe đã dùng,"150,000 Km",Nhập khẩu,Hatchback,Số tay,Xăng  1.1 L,Xanh,Nhiều màu,FWD - Dẫn động cầu trước,5 chỗ,125 Triệu
Xe Mercedes Benz C class C200 Avantgarde,2022,Xe mới,Xe mới,Lắp ráp trong nước,Sedan,Số tự động,Xăng  1.5 L,Đen,Đen,RFD - Dẫn động cầu sau,5 chỗ,1 Tỷ 709 Triệu
Xe Mitsubishi Outlander 2.0 CVT,2019,Xe đã dùng,"50,000 Km",Lắp ráp trong nước,SUV,Số tự động,Xăng  2.0 L,Trắng,Đen,FWD - Dẫn động cầu trước,7 chỗ,585 Triệu
Xe Hyundai i10 1.2 AT,2023,Xe mới,Xe mới,Lắp ráp trong nước,Hatchback,Số tự động,Xăng  1.25 L,Đỏ,Đen,FWD - Dẫn động cầu trước,5 chỗ,416 Triệu
Xe Honda City RS 1.5 AT,2023,Xe mới,Xe mới,Lắp ráp trong nước,Sedan,Số tự động,Xăng  1.5 L,Đỏ,Đen,FWD - Dẫn động cầu trước,5 chỗ,580 Triệu
Xe Mitsubishi Attrage 1.2 CVT,2022,Xe mới,Xe mới,Nhập khẩu,Sedan,Số tự động,Xăng  1.2 L,Trắng,Đen,FWD - Dẫn động cầu trước,5 chỗ,400 Triệu
Xe Suzuki Swift 1.4 AT,2015,Xe đã dùng,"68,209 Km",Lắp ráp trong nước,Hatchback,Số tự động,Xăng  1.4 L,Đỏ,Nâu,FWD - Dẫn động cầu trước,5 chỗ,338 Triệu
Xe Honda BR V G,2023,Xe mới,Xe mới,Nhập khẩu,SUV,Số tự động,Xăng  1.5 L,Trắng,Đen,FWD - Dẫn động cầu trước,7 chỗ,599 Triệu
Xe Kia Carnival Luxury 2.2D,2023,Xe mới,Xe mới,Lắp ráp trong nước,Van/Minivan,Số tự động,Dầu  2.2 L,Trắng,Kem,FWD - Dẫn động cầu trước,8 chỗ,1 Tỷ 209 Triệu
Xe Toyota Innova 2.0E,2016,Xe đã dùng,"70,000 Km",Lắp ráp trong nước,Crossover,Số tay,Xăng  2.0 L,Bạc,Ghi,RFD - Dẫn động cầu sau,8 chỗ,455 Triệu
Xe Nissan Tiida 1.6 AT,2008,Xe đã dùng,"126,852 Km",Nhập khẩu,Sedan,Số tự động,Xăng  1.6 L,Ghi,Kem,FWD - Dẫn động cầu trước,5 chỗ,198 Triệu
Xe LandRover Range Rover HSE 3.0,2013,Xe đã dùng,"90,000 Km",Nhập khẩu,SUV,Số tự động,Xăng  3.0 L,Trắng,Nâu,AWD - 4 bánh toàn thời gian,5 chỗ,2 Tỷ 99 Triệu
Xe Toyota Vios G 1.5 CVT,2022,Xe đã dùng,"13,000 Km",Lắp ráp trong nước,Sedan,Số tự động,Xăng  1.5 L,Đen,Kem,FWD - Dẫn động cầu trước,5 chỗ,480 Triệu
Xe Ford Territory Titanium X 1.5 AT,2023,Xe mới,Xe mới,Lắp ráp trong nước,SUV,Số tự động,Xăng  1.5 L,Đen,Đen,FWD - Dẫn động cầu trước,5 chỗ,879 Triệu
Xe Ford Ranger XLS 2.0L 4x2 AT,2023,Xe mới,Xe mới,Lắp ráp trong nước,Bán tải / Pickup,Số tự động,Dầu  2.0 L,Đen,Đen,RFD - Dẫn động cầu sau,5 chỗ,677 Triệu
Xe Porsche Cayenne 3.6 V6,2014,Xe đã dùng,"70,000 Km",Nhập khẩu,SUV,Số tự động,Xăng  3.6 L,Đen,Kem,AWD - 4 bánh toàn thời gian,5 chỗ,1 Tỷ 890 Triệu
Xe Kia Sorento 2.2 DAT Premium,2019,Xe đã dùng,"60,000 Km",Lắp ráp trong nước,SUV,Số tự động,Dầu  2.2 L,Nâu,Kem,FWD - Dẫn động cầu trước,7 chỗ,679 Triệu
Xe VinFast VF6 Eco,2023,Xe mới,Xe mới,Lắp ráp trong nước,SUV,Số tự động,Điện,Xám,Đen,FWD - Dẫn động cầu trước,5 chỗ,675 Triệu
Xe Lexus ES 250,2023,Xe mới,Xe mới,Nhập khẩu,Sedan,Số tự động,Xăng  2.5 L,Xanh,Nâu,FWD - Dẫn động cầu trước,5 chỗ,2 Tỷ 620 Triệu
Xe Kia K5 Premium 2.0 AT,2023,Xe mới,Xe mới,Lắp ráp trong nước,Sedan,Số tự động,Xăng  2.0 L,Đỏ,Đen,FWD - Dẫn động cầu trước,5 chỗ,904 Triệu
Xe Lexus GX 460,2013,Xe đã dùng,"70,000 Km",Nhập khẩu,SUV,Số tự động,Xăng  4.6 L,Trắng,Nâu,AWD - 4 bánh toàn thời gian,7 chỗ,1 Tỷ 950 Triệu
Xe Ford Ranger Raptor 2.0L 4x4 AT,2023,Xe mới,Xe mới,Nhập khẩu,Bán tải / Pickup,Số tự động,Dầu  2.0 L,Trắng,Đen,4WD - Dẫn động 4 bánh,5 chỗ,1 Tỷ 299 Triệu
Xe Suzuki XL7 1.5 AT,2023,Xe mới,Xe mới,Nhập khẩu,SUV,Số tự động,Xăng  1.5 L,Cam,Ghi,FWD - Dẫn động cầu trước,7 chỗ,599 Triệu
Xe LandRover Range Rover Autobiography LWB 5.0,2015,Xe đã dùng,"35,000 Km",Nhập khẩu,SUV,Số tự động,Xăng  5.0 L,Trắng,Kem,AWD - 4 bánh toàn thời gian,4 chỗ,4 Tỷ 150 Triệu
Xe Suzuki Swift GLX 1.2 AT,2020,Xe đã dùng,"18,254 Km",Nhập khẩu,Hatchback,Số tự động,Xăng  1.2 L,Đỏ,Kem,FWD - Dẫn động cầu trước,5 chỗ,479 Triệu
Xe Mitsubishi Triton Athlete 4x2 AT,2023,Xe mới,Xe mới,Nhập khẩu,Bán tải / Pickup,Số tự động,Dầu  2.4 L,Trắng,Nhiều màu,RFD - Dẫn động cầu sau,5 chỗ,660 Triệu
Xe Lexus GX 460,2015,Xe đã dùng,"61,000 Km",Nhập khẩu,SUV,Số tự động,Xăng  4.6 L,Đen,Kem,AWD - 4 bánh toàn thời gian,7 chỗ,2 Tỷ 600 Triệu
Xe Mini Cooper S 5Dr,2017,Xe đã dùng,"31,000 Km",Nhập khẩu,Hatchback,Số tự động,Xăng  2.0 L,Xanh,Đen,FWD - Dẫn động cầu trước,5 chỗ,1 Tỷ 199 Triệu
Xe LandRover Range Rover HSE 3.0,2017,Xe đã dùng,"32,000 Km",Nhập khẩu,SUV,Số tự động,Xăng  3.0 L,Trắng,Nâu,AWD - 4 bánh toàn thời gian,5 chỗ,3 Tỷ 550 Triệu
Xe LandRover Range Rover Autobiography 4.4 SDV8,2015,Xe đã dùng,"50,000 Km",Nhập khẩu,SUV,Số tự động,Dầu  4.4 L,Trắng,Đen,AWD - 4 bánh toàn thời gian,5 chỗ,3 Tỷ 280 Triệu
Xe Mitsubishi Xpander 1.5 AT,2021,Xe đã dùng,"25,000 Km",Nhập khẩu,SUV,Số tự động,Xăng  1.5 L,Nâu,Đen,FWD - Dẫn động cầu trước,7 chỗ,528 Triệu
Xe Mitsubishi Outlander Premium 2.0 CVT,2022,Xe mới,Xe mới,Lắp ráp trong nước,SUV,Số tự động,Xăng  2.0 L,Đỏ,Đen,FWD - Dẫn động cầu trước,7 chỗ,835 Triệu
Xe Mercedes Benz E class E200,2017,Xe đã dùng,"52,000 Km",Lắp ráp trong nước,Sedan,Số tự động,Xăng  2.0 L,Xanh,Nâu,RFD - Dẫn động cầu sau,5 chỗ,1 Tỷ 139 Triệu
Xe Toyota Corolla altis 2.0V,2009,Xe đã dùng,"142,000 Km",Lắp ráp trong nước,Sedan,Số tự động,Xăng  2.0 L,Bạc,Kem,FWD - Dẫn động cầu trước,5 chỗ,330 Triệu
Xe Mercedes Benz G class G63 AMG,2023,Xe mới,Xe mới,Nhập khẩu,SUV,Số tự động,Xăng  4.0 L,Xanh,Nâu,AWD - 4 bánh toàn thời gian,5 chỗ,11 Tỷ 500 Triệu
Xe Kia Morning Luxury,2022,Xe đã dùng,"8,200 Km",Lắp ráp trong nước,Hatchback,Số tự động,Xăng  1.25 L,Trắng,Kem,FWD - Dẫn động cầu trước,5 chỗ,355 Triệu
Xe Nissan Navara EL A-IVI 2.5 AT 2WD,2020,Xe đã dùng,"90,000 Km",Nhập khẩu,Bán tải / Pickup,Số tự động,Dầu  2.5 L,Trắng,Kem,RFD - Dẫn động cầu sau,5 chỗ,480 Triệu
Xe Toyota Land Cruiser 3.5 V6,2023,Xe mới,Xe mới,Nhập khẩu,SUV,Số tự động,Xăng  3.4 L,Đen,Đen,AWD - 4 bánh toàn thời gian,7 chỗ,4 Tỷ 286 Triệu
Xe Mercedes Benz Maybach GLS 600 4Matic,2023,Xe mới,Xe mới,Nhập khẩu,SUV,Số tự động,Xăng  4.0 L,Xanh,Nâu,AWD - 4 bánh toàn thời gian,4 chỗ,11 Tỷ 900 Triệu
Xe Mercedes Benz GLS 450 4Matic,2023,Xe mới,Xe mới,Nhập khẩu,SUV,Số tự động,Xăng  3.0 L,Đen,Đen,AWD - 4 bánh toàn thời gian,7 chỗ,4 Tỷ 979 Triệu
Xe Toyota Corolla Cross 1.8V,2023,Xe mới,Xe mới,Nhập khẩu,SUV,Số tự động,Xăng  1.8 L,Đen,Đen,FWD - Dẫn động cầu trước,5 chỗ,846 Triệu
Xe Mercedes Benz GLC 300 4Matic,2023,Xe mới,Xe mới,Lắp ráp trong nước,SUV,Số tự động,Xăng  2.0 L,Trắng,Nhiều màu,AWD - 4 bánh toàn thời gian,5 chỗ,2 Tỷ 719 Triệu
Xe Kia Morning S AT,2018,Xe đã dùng,"39,000 Km",Lắp ráp trong nước,Hatchback,Số tự động,Xăng  1.25 L,Trắng,Kem,FWD - Dẫn động cầu trước,5 chỗ,289 Triệu
Xe Mercedes Benz Maybach GLS 480 4Matic,2023,Xe mới,Xe mới,Nhập khẩu,SUV,Số tự động,Xăng  3.0 L,Trắng,Nâu,AWD - 4 bánh toàn thời gian,4 chỗ,8 Tỷ 190 Triệu
Xe Honda City G 1.5 AT,2023,Xe mới,Xe mới,Lắp ráp trong nước,Sedan,Số tự động,Xăng  1.5 L,Trắng,Đen,FWD - Dẫn động cầu trước,5 chỗ,559 Triệu
Xe Mercedes Benz V class V250 Luxury,2023,Xe mới,Xe mới,Nhập khẩu,Van/Minivan,Số tự động,Xăng  2.0 L,Đen,Kem,RFD - Dẫn động cầu sau,7 chỗ,2 Tỷ 839 Triệu
Xe Mercedes Benz GLE Class GLE 43 AMG 4Matic Coupe,2018,Xe đã dùng,"23,000 Km",Nhập khẩu,Coupe,Số tự động,Xăng  3.0 L,Đỏ,Đen,AWD - 4 bánh toàn thời gian,5 chỗ,2 Tỷ 399 Triệu
Xe Lexus RX 300,2022,Xe đã dùng,"9,000 Km",Nhập khẩu,SUV,Số tự động,Xăng  2.0 L,Trắng,Nâu,AWD - 4 bánh toàn thời gian,5 chỗ,3 Tỷ 180 Triệu
Xe Toyota Fortuner 2.7V 4x2 AT,2019,Xe đã dùng,"77,000 Km",Nhập khẩu,SUV,Số tự động,Xăng  2.7 L,Đen,Nâu,RFD - Dẫn động cầu sau,7 chỗ,775 Triệu
Xe Mercedes Benz C class C300 AMG,2022,Xe đã dùng,"7,500 Km",Lắp ráp trong nước,Sedan,Số tự động,Xăng  2.0 L,Trắng,Nhiều màu,RFD - Dẫn động cầu sau,5 chỗ,1 Tỷ 830 Triệu
Xe Mitsubishi Xpander 1.5 AT,2023,Xe mới,Xe mới,Nhập khẩu,SUV,Số tự động,Xăng  1.5 L,Trắng,Ghi,FWD - Dẫn động cầu trước,7 chỗ,539 Triệu
