company,type,mfdate,mileage_v2,condition_ad,gearbox,fuel,carorigin,cartype,carseats,veh_warranty_policy,veh_unladen_weight,veh_gross_weight,cost
Nissan,Navara,2020,75000,Đã sử dụng,Tự động,Dầu,Thái Lan,,,,,,475.000.000 đ
Honda,City,2022,50000,Đã sử dụng,Tự động,Xăng,,Sedan,,,,,455.000.000 đ
Suzuki,Ertiga,2022,22000,Đã sử dụng,Số sàn,Xăng,Nước khác,,,,,,455.000.000 đ
Mitsubishi,Attrage,2016,1234,Đã sử dụng,Tự động,Xăng,Nhật Bản,,,,,,255.000.000 đ
Ford,Transit,2022,,Mới,Số sàn,Dầu,Việt Nam,Kiểu dáng khác,,,,,799.000.000 đ
Nissan,X trail,2019,65000,Đã sử dụng,Tự động,Xăng,Đang cập nhật,,,,,,640.000.000 đ
Isuzu,Dmax,2017,120000,Đã sử dụng,Số sàn,Dầu,Thái Lan,,,,,,395.000.000 đ
Toyota,Innova,2017,109999,Đã sử dụng,Số sàn,Xăng,Việt Nam,,,,,,455.000.000 đ
Toyota,Innova,2018,78000,Đã sử dụng,Số sàn,Xăng,Việt Nam,,,,,,468.000.000 đ
Ford,Ranger,2015,80000,Đã sử dụng,Số sàn,Dầu,Thái Lan,,,,,,398.000.000 đ
Toyota,Innova,2018,99000,Đã sử dụng,Tự động,Xăng,Việt Nam,,,,,,575.000.000 đ
MG,5,2023,,Mới,Tự động,Xăng,Thái Lan,Sedan,,,,,349.000.000 đ
Honda,Civic,2021,20000,Đã sử dụng,Tự động,Xăng,Thái Lan,,,,,,735.000.000 đ
Mercedes Benz,A Class,2013,86000,Đã sử dụng,Tự động,Xăng,Đức,,,,,,399.000.000 đ
Hyundai,Accent,2023,,Mới,Số sàn,Xăng,Việt Nam,Sedan,,,,,63.000.000 đ
Ford,Focus,2013,70000,Đã sử dụng,Tự động,Xăng,Việt Nam,,,,,,350.000.000 đ
Ford,Ranger,2015,85000,Đã sử dụng,Số sàn,Dầu,Thái Lan,,,,,,365.000.000 đ
Vinfast,Lux A2.0,2020,24000,Đã sử dụng,Tự động,Xăng,Đang cập nhật,,,,,,549.000.000 đ
Mercedes Benz,ML Class,2008,90000,Đã sử dụng,Tự động,Xăng,Mỹ,,,,,,295.000.000 đ
Kia,Cerato,2019,800000,Đã sử dụng,Tự động,Xăng,Việt Nam,,,,,,489.000.000 đ
Kia,K3,2022,47000,Đã sử dụng,Tự động,Xăng,,Sedan,,,,,570.000.000 đ
Toyota,Vios,2017,150,Đã sử dụng,Số sàn,Xăng,,Sedan,,,,,278.000.000 đ
Daewoo,Gentra,2009,98000,Đã sử dụng,Số sàn,Xăng,Việt Nam,,,,,,112.000.000 đ
Ford,Transit,2017,165000,Đã sử dụng,Số sàn,Dầu,,Van,,,,,540.000.000 đ
Toyota,Camry,2013,59000,Đã sử dụng,Tự động,Xăng,Việt Nam,,,,,,516.000.000 đ
Honda,Civic,2021,4000,Đã sử dụng,Tự động,Xăng,Thái Lan,,,,,,735.000.000 đ
Honda,Civic,2021,20000,Đã sử dụng,Tự động,Xăng,Thái Lan,,,,,,735.000.000 đ
Honda,Brio,2021,28000,Đã sử dụng,Tự động,Xăng,Nước khác,,,,,,385.000.000 đ
Honda,Civic,2021,15000,Đã sử dụng,Tự động,Xăng,Thái Lan,,,,,,650.000.000 đ
Honda,Civic,2021,18000,Đã sử dụng,5,Xăng,Thái Lan,,,,,,650.000.000 đ
Toyota,Camry,2013,59000,Đã sử dụng,Tự động,Xăng,Việt Nam,,,,,,516.000.000 đ
Mercedes Benz,C Class,2022,25000,Đã sử dụng,Tự động,Xăng,Đức,,,,,,1.166.000.000 đ
Mazda,6,2014,82000,Đã sử dụng,Tự động,Xăng,Việt Nam,,,,,,415.000.000 đ
Ford,Ranger,2021,12000,Đã sử dụng,Tự động,Dầu,Việt Nam,,,,,,670.000.000 đ
Kia,Cerato,2021,28000,Đã sử dụng,Tự động,Xăng,Việt Nam,,,,,,545.000.000 đ
Daewoo,Lacetti,2004,125000,Đã sử dụng,Số sàn,Xăng,Việt Nam,,,,,,85.000.000 đ
Ford,EcoSport,2016,55000,Đã sử dụng,Tự động,Xăng,,SUV / Cross over,,,,,365.000.000 đ
Daewoo,Matiz,2002,150000,Đã sử dụng,Số sàn,Xăng,Hàn Quốc,,,,,,37.500.000 đ
Mitsubishi,Triton,2017,56000,Đã sử dụng,Số sàn,Dầu,Thái Lan,,,,,,360.000.000 đ
Ford,Focus,2013,69999,Đã sử dụng,Tự động,Xăng,,Hatchback,,,,,350.000.000 đ
Ford,Everest,2012,150000,Đã sử dụng,Tự động,Dầu,Đang cập nhật,,,,,,310.000.000 đ
Hyundai,Grand Starex,2010,1,Đã sử dụng,Số sàn,Xăng,Hàn Quốc,,,,,,318.000.000 đ
Mitsubishi,Xpander,2019,72000,Đã sử dụng,Tự động,Xăng,Nước khác,,,,,,468.000.000 đ
Toyota,Hilux,2018,72000,Đã sử dụng,Tự động,Dầu,Thái Lan,,,,,,550.000.000 đ
Ford,EcoSport,2018,48000,Đã sử dụng,Tự động,Xăng,Thái Lan,,,,,,435.000.000 đ
Ford,Transit,2019,92000,Đã sử dụng,Số sàn,Dầu,Việt Nam,,,,,,535.000.000 đ
Kia,Seltos,2023,,Mới,Tự động,Xăng,Việt Nam,SUV / Cross over,,,,,594.000.000 đ
Honda,Brio,2021,28000,Đã sử dụng,Tự động,Xăng,Nước khác,,,,,,385.000.000 đ
Mercedes Benz,E Class,2017,60000,Đã sử dụng,Tự động,Xăng,Việt Nam,,,,,,1.099.000.000 đ
Hyundai,Starex,2010,70000,Đã sử dụng,Số sàn,Xăng,Hàn Quốc,,,,,,196.000.000 đ
Lifan,520,2008,750000,Đã sử dụng,Số sàn,Xăng,Trung Quốc,,,,,,88.000.000 đ
Ford,Ranger,2021,32000,Đã sử dụng,Tự động,Dầu,Thái Lan,,,,,,568.000.000 đ
Honda,Odyssey,2007,61000,Đã sử dụng,Tự động,Xăng,Mỹ,,,,,,320.000.000 đ
Hyundai,Grand i10,2022,11000,Đã sử dụng,Tự động,Xăng,Việt Nam,,,,,,390.000.000 đ
BMW,4 Series,2022,6000,Đã sử dụng,Tự động,Xăng,Đang cập nhật,,,,,,2.999.000.000 đ
Mazda,BT 50,2021,26000,Đã sử dụng,Tự động,Dầu,Nước khác,,,,,,588.000.000 đ
Porsche,Macan,2020,78050,Đã sử dụng,Tự động,Xăng,Nước khác,,,,,,1.889.000.000 đ
Porsche,Cayenne,2014,89000,Đã sử dụng,Tự động,Xăng,Nước khác,,,,,,1.456.000.000 đ
Honda,Civic,2023,,Mới,Tự động,Xăng,Thái Lan,,5,,,,770.000.000 đ
Honda,City,2023,,Mới,Tự động,Xăng,Việt Nam,Sedan,,,,,589.000.000 đ
Mazda,626,1993,150000,Đã sử dụng,Số sàn,Xăng,Nhật Bản,,,,,,47.000.000 đ
Toyota,Vios,2021,20000,Đã sử dụng,Tự động,Xăng,,Sedan,,,,,440.000.000 đ
Honda,CR V,2014,100000,Đã sử dụng,Tự động,Xăng,Việt Nam,,,,,,508.000.000 đ
Kia,Sedona,2016,72000,Đã sử dụng,Tự động,Xăng,Hàn Quốc,,,,,,525.000.000 đ
Kia,Morning,2019,60000,Đã sử dụng,Tự động,Xăng,Việt Nam,,,,,,289.000.000 đ
Mercedes Benz,C Class,2017,21000,Đã sử dụng,Tự động,Xăng,,Sedan,,,,,888.000.000 đ
Hyundai,Santa Fe,2020,75000,Đã sử dụng,Tự động,Dầu,Việt Nam,,,,,,899.000.000 đ
Toyota,Avanza,2022,20100,Đã sử dụng,Số sàn,Xăng,Nước khác,,,,,,499.000.000 đ
Ford,Ranger,2016,70000,Đã sử dụng,Số sàn,Dầu,,Pick-up (bán tải),,,,,418.000.000 đ
Chevrolet,Cruze,2012,100000,Đã sử dụng,Tự động,Xăng,Mỹ,,,,,,235.000.000 đ
Chevrolet,Cruze,2012,100000,Đã sử dụng,Tự động,Xăng,Mỹ,,,,,,235.000.000 đ
Porsche,Cayenne,2014,90000,Đã sử dụng,Tự động,Xăng,Nước khác,,,,,,1.460.000.000 đ
Hyundai,Terracan,2003,185000,Đã sử dụng,Số sàn,Xăng,Hàn Quốc,,,,,,145.000.000 đ
RAM,1500,2008,78012,Đã sử dụng,Tự động,Xăng,Mỹ,,,,,,1.400.000.000 đ
Ford,Ranger,2020,33000,Đã sử dụng,Tự động,Dầu,Thái Lan,,,,,,550.000.000 đ
Hyundai,Accent,2019,53000,Đã sử dụng,Tự động,Xăng,,Sedan,,,,,400.000.000 đ
Hyundai,Accent,2023,,Mới,Tự động,Xăng,Việt Nam,Sedan,,,,,426.000.000 đ
Hyundai,Grand i10,2019,45000,Đã sử dụng,Tự động,Xăng,,Hatchback,,,,,299.000.000 đ
Mitsubishi,Xpander,2021,28000,Đã sử dụng,Tự động,Xăng,,Minivan (MPV),,,,,548.000.000 đ
Porsche,Macan,2015,78010,Đã sử dụng,Tự động,Xăng,Nước khác,,,,,,1.390.000.000 đ
Citroen,DS3,2011,86000,Đã sử dụng,Tự động,Xăng,Nước khác,,,,,,285.000.000 đ
Honda,Civic,2009,110000,Đã sử dụng,Tự động,Xăng,Việt Nam,,,,,,275.000.000 đ
Toyota,Vios,2013,100000,Đã sử dụng,Số sàn,Xăng,Nhật Bản,,,,,,245.000.000 đ
Mercedes Benz,C Class,2022,9000,Đã sử dụng,Tự động,Xăng,Đức,,,,,,1.898.000.000 đ
Kia,Carnival,2023,,Mới,Tự động,Dầu,Việt Nam,Minivan (MPV),,,,,1.429.000.000 đ
Ford,Ranger,2021,10000,Đã sử dụng,Tự động,Dầu,,Pick-up (bán tải),,,,,670.000.000 đ
Kia,Sonet,2023,,Mới,Tự động,Xăng,Việt Nam,SUV / Cross over,,,,,519.000.000 đ
Honda,Civic,2021,15000,Đã sử dụng,Tự động,Xăng,Thái Lan,,,,,,650.000.000 đ
Hyundai,Elantra,2021,44000,Đã sử dụng,Tự động,Xăng,,Sedan,,,,,542.000.000 đ
Mercedes Benz,E Class,2016,87000,Đã sử dụng,Tự động,Xăng,Việt Nam,,,,,,1.268.000.000 đ
Ford,Transit,2018,92000,Đã sử dụng,Số sàn,Dầu,,Minivan (MPV),,,,,565.000.000 đ
Kia,Morning,2015,64000,Đã sử dụng,Tự động,Xăng,Việt Nam,,,,,,259.000.000 đ
Mitsubishi,Triton,2022,28000,Đã sử dụng,Tự động,Dầu,Thái Lan,,,,,,595.000.000 đ
Ford,Ranger,2020,48000,Đã sử dụng,Tự động,Dầu,Thái Lan,,,,,,738.000.000 đ
Kia,Carnival,2021,19000,Đã sử dụng,Tự động,Dầu,Việt Nam,,,,,,1.099.000.000 đ
Kia,Sorento,2018,33000,Đã sử dụng,Tự động,Xăng,Việt Nam,,,,,,565.000.000 đ
BMW,Z4 Roadster,2016,50000,Đã sử dụng,Tự động,Xăng,Nước khác,,,,,,1.291.000.000 đ
Ford,Everest,2011,86000,Đã sử dụng,Số sàn,Xăng,Mỹ,,,,,,295.000.000 đ
Toyota,Innova,2014,107000,Đã sử dụng,Số sàn,Xăng,,Minivan (MPV),,,,,357.000.000 đ
Hãng khác,Dòng khác,2006,66666,Đã sử dụng,Số sàn,Dầu,Nước khác,,,,,,110.000.000 đ
Daewoo,Matiz,2007,110000,Đã sử dụng,Số sàn,Xăng,Việt Nam,,,,,,42.000.000 đ
Mazda,BT 50,2022,40000,Đã sử dụng,Tự động,Dầu,Nhật Bản,,,,,,519.000.000 đ
Chevrolet,Trailblazer,2018,52000,Đã sử dụng,Tự động,Dầu,Thái Lan,,,,,,525.000.000 đ
Chevrolet,Cruze,2017,76000,Đã sử dụng,Tự động,Xăng,Mỹ,,,,,,315.000.000 đ
Mercedes Benz,GLC Class,2022,8000,Đã sử dụng,Tự động,Xăng,Đang cập nhật,,,,,,1.568.000.000 đ
BMW,5 Series,2007,170000,Đã sử dụng,Tự động,Xăng,Đang cập nhật,,,,,,330.000.000 đ
Mazda,3,2018,66000,Đã sử dụng,Tự động,Xăng,Việt Nam,,,,,,215.000.000 đ
Toyota,Hiace,trước năm 1980,123456,Đã sử dụng,Số sàn,Dầu,Việt Nam,,,,,,198.000.000 đ
Lexus,RX,2017,50500,Đã sử dụng,Tự động,Xăng,Nước khác,,,,,,1.995.000.000 đ
Kia,Morning,2018,25000,Đã sử dụng,Tự động,Xăng,Việt Nam,,,,,,298.000.000 đ
Audi,Q8,2021,12000,Đã sử dụng,Tự động,Xăng,Nước khác,,,,,,3.666.000.000 đ
Hyundai,Grand i10,2023,,Mới,Tự động,Xăng,Việt Nam,Sedan,,,,,366.000.000 đ
Hyundai,Grand i10,2015,86000,Đã sử dụng,Số sàn,Xăng,Ấn Độ,,,,,,179.000.000 đ
Toyota,Land Cruiser Prado,2017,80000,Đã sử dụng,Tự động,Xăng,,SUV / Cross over,,,,,1.400.000.000 đ
Hyundai,Accent,2019,58000,Đã sử dụng,Tự động,Xăng,Hàn Quốc,,,,,,395.000.000 đ
Audi,A6,2021,27000,Đã sử dụng,Tự động,Xăng,Nước khác,,,,,,1.791.000.000 đ
Toyota,Innova,2018,80,Đã sử dụng,Số sàn,Xăng,Nhật Bản,,,,,,485.000.000 đ
Kia,Seltos,2023,,Mới,Tự động,Xăng,Việt Nam,SUV / Cross over,,,,,120.000.000 đ
Toyota,Innova,2009,11111,Đã sử dụng,Số sàn,Xăng,,Minivan (MPV),,,,,225.000.000 đ
Suzuki,XL 7,2022,,Mới,Tự động,Xăng,Nước khác,Minivan (MPV),,,,,569.000.000 đ
Toyota,Yaris,2015,60000,Đã sử dụng,Tự động,Xăng,Thái Lan,,,,,,365.000.000 đ
Hyundai,Grand Starex,2016,110000,Đã sử dụng,Tự động,Xăng,Hàn Quốc,,,,,,585.000.000 đ
Chevrolet,Trailblazer,2018,50000,Đã sử dụng,Tự động,Dầu,Thái Lan,,,,,,625.000.000 đ
Toyota,Veloz Cross,2022,17000,Đã sử dụng,Tự động,Xăng,Nước khác,,,,,,619.000.000 đ
Ford,Everest,2014,80000,Đã sử dụng,Tự động,Dầu,,SUV / Cross over,,,,,480.000.000 đ
Nissan,Navara,2013,105120,Đã sử dụng,Tự động,Dầu,Thái Lan,,,,,,399.000.000 đ
Mercedes Benz,R Class,2005,100,Đã sử dụng,Tự động,Xăng,Mỹ,,,,,,199.000.000 đ
Vinfast,VF8,2023,,Mới,Tự động,Điện,Việt Nam,SUV / Cross over,,,,,1.090.000.000 đ
Toyota,Vios,2022,22000,Đã sử dụng,Tự động,Xăng,Việt Nam,,,,,,510.000.000 đ
Mitsubishi,Triton,2023,,Mới,Tự động,Dầu,Nhật Bản,Pick-up (bán tải),,,,,905.000.000 đ
Mercedes Benz,GLC,2023,1500,Đã sử dụng,Tự động,Xăng,Việt Nam,,,,,,2.638.000.000 đ
Mazda,CX 5,2023,2700,Đã sử dụng,Tự động,Xăng,Đang cập nhật,,,,,,865.000.000 đ
Ford,Everest,2023,,Mới,Tự động,Xăng,Thái Lan,SUV / Cross over,,,,,1.299.000.000 đ
Mazda,CX 5,2020,33000,Đã sử dụng,Tự động,Xăng,,SUV / Cross over,,,,,700.000.000 đ
Honda,Civic,2021,18000,Đã sử dụng,5,Xăng,Thái Lan,,,,,,650.000.000 đ
Ford,Ranger,2023,,Mới,Tự động,Dầu,Việt Nam,Pick-up (bán tải),,,,,677.000.000 đ
Vinfast,Lux A2.0,2022,27000,Đã sử dụng,Tự động,Xăng,Việt Nam,,,,,,599.000.000 đ
Mercedes Benz,E Class,2020,44000,Đã sử dụng,Tự động,Xăng,Việt Nam,,,,,,1.199.000.000 đ
Daewoo,Matiz,2009,68000,Đã sử dụng,Tự động,Xăng,Hàn Quốc,,,,,,165.000.000 đ
Mazda,BT 50,2018,65000,Đã sử dụng,Tự động,Dầu,Thái Lan,,,,,,418.000.000 đ
Ford,Focus,2019,61000,Đã sử dụng,Tự động,Xăng,Việt Nam,,,,,,445.000.000 đ
Hyundai,Tucson,2023,,Mới,Tự động,Xăng,Việt Nam,,5,,,,162.000.000 đ
Hyundai,Elantra,2019,67000,Đã sử dụng,Tự động,Xăng,Đang cập nhật,,,,,,475.000.000 đ
BMW,5 Series,2022,2000,Đã sử dụng,Tự động,Xăng,Đang cập nhật,,,,,,2.688.000.000 đ
Toyota,Zace,2021,34000,Đã sử dụng,Tự động,Xăng,Nước khác,,,,,,500.000.000 đ
Mercedes Benz,C Class,2016,46000,Đã sử dụng,Tự động,Xăng,Việt Nam,,,,,,895.000.000 đ
Lexus,LS,2005,180000,Đã sử dụng,Tự động,Xăng,Nhật Bản,,,,,,485.000.000 đ
LandRover,Range Rover Evoque,2013,58000,Đã sử dụng,Tự động,Xăng,Nước khác,,,,,,785.000.000 đ
Kia,Morning,2017,123456,Đã sử dụng,Số sàn,Xăng,Đang cập nhật,,,,,,215.000.000 đ
Kia,K3,2023,3000,Đã sử dụng,Tự động,Xăng,Việt Nam,,,,,,599.000.000 đ
LandRover,Range Rover Evoque,2013,58000,Đã sử dụng,Tự động,Xăng,Nước khác,,,,,,785.000.000 đ
Kia,Morning,2017,123456,Đã sử dụng,Số sàn,Xăng,Đang cập nhật,,,,,,215.000.000 đ
Kia,K3,2023,3000,Đã sử dụng,Tự động,Xăng,Việt Nam,,,,,,599.000.000 đ
Vinfast,Lux A2.0,2022,60000,Đã sử dụng,Tự động,Xăng,,Sedan,,,,,750.000.000 đ
Ford,Ranger,2023,13000,Đã sử dụng,Tự động,Xăng,Đang cập nhật,,,,,,665.000.000 đ
Hãng khác,Dòng khác,1990,66666,Đã sử dụng,Số sàn,Xăng,Nhật Bản,,,,,,78.000.000 đ
Daewoo,Lanos,2002,79999,Đã sử dụng,Số sàn,Xăng,Đài Loan,,,,,,59.000.000 đ
Mercedes Benz,C Class,2003,150000,Đã sử dụng,Tự động,Xăng,Đức,,,,,,110.000.000 đ
Lexus,RX,2009,58300,Đã sử dụng,Tự động,Xăng,Mỹ,,,,,,825.000.000 đ
Hyundai,Kona,2020,31000,Đã sử dụng,Tự động,Xăng,,SUV / Cross over,,,,,525.000.000 đ
Mercedes Benz,C Class,2021,30000,Đã sử dụng,Tự động,Xăng,Việt Nam,,,,,,1.268.000.000 đ
Lexus,ES,2011,53000,Đã sử dụng,Tự động,Xăng,Nhật Bản,,,,,,745.000.000 đ
Toyota,Innova,2006,220000,Đã sử dụng,Số sàn,Xăng,,Minivan (MPV),,,,,210.000.000 đ
Toyota,Innova,2016,86,Đã sử dụng,Số sàn,Xăng,,SUV / Cross over,,,,,289.000.000 đ
Mazda,CX 8,2020,65000,Đã sử dụng,Tự động,Xăng,Việt Nam,,,,,,780.000.000 đ
Honda,City,2022,14000,Đã sử dụng,Tự động,Xăng,Việt Nam,,,,,,526.000.000 đ
Mitsubishi,Grunder,2010,91000,Đã sử dụng,Tự động,Xăng,Đài Loan,,,,,,339.000.000 đ
Toyota,Wigo,2019,95000,Đã sử dụng,Số sàn,Xăng,,Hatchback,,,,,252.000.000 đ
Chevrolet,Cruze,2014,82,Đã sử dụng,Số sàn,Xăng,Việt Nam,,,,,,250.000.000 đ
Ford,Everest,2020,50300,Đã sử dụng,Tự động,Dầu,Nước khác,,,,,,818.000.000 đ
Ford,Everest,2020,50300,Đã sử dụng,Tự động,Dầu,Nước khác,,,,,,818.000.000 đ
Mazda,6,2021,30000,Đã sử dụng,Tự động,Xăng,Việt Nam,,,,,,668.000.000 đ
Toyota,Camry,2021,19625,Đã sử dụng,Tự động,Xăng,Thái Lan,,,,,,995.000.000 đ
Chevrolet,Captiva,2017,30000,Đã sử dụng,Tự động,Xăng,,SUV / Cross over,,,,,485.000.000 đ
BMW,5 Series,2012,100000,Đã sử dụng,Tự động,Xăng,,Sedan,,,,,500.000.000 đ
Kia,Cerato,2017,38000,Đã sử dụng,Tự động,Xăng,Việt Nam,,,,,,410.000.000 đ
Mazda,CX 8,2021,50000,Đã sử dụng,Tự động,Xăng,Việt Nam,,,,,,846.000.000 đ
Ford,Everest,2012,120000,Đã sử dụng,Số sàn,Dầu,Thái Lan,,,,,,315.000.000 đ
Ford,Ranger,2020,26000,Đã sử dụng,Tự động,Xăng,,Pick-up (bán tải),,,,,715.000.000 đ
Mercedes Benz,C Class,2008,120000,Đã sử dụng,Tự động,Xăng,Việt Nam,,,,,,295.000.000 đ
Suzuki,Swift,2019,32000,Đã sử dụng,Tự động,Xăng,Thái Lan,,,,,,423.000.000 đ
Kia,Carens,2015,110000,Đã sử dụng,Số sàn,Xăng,Việt Nam,,,,,,260.000.000 đ
Honda,CR V,2019,58000,Đã sử dụng,Tự động,Xăng,Thái Lan,,,,,,785.000.000 đ
Hyundai,Elantra,2017,65000,Đã sử dụng,Tự động,Xăng,Việt Nam,,,,,,372.000.000 đ
Toyota,Hiace,2004,120000,Đã sử dụng,Số sàn,Xăng,Nhật Bản,,,,,,95.000.000 đ
Toyota,Wigo,2018,12345,Đã sử dụng,Số sàn,Xăng,,Hatchback,,,,,235.000.000 đ
MG,5,2023,,Đã sử dụng,Tự động,Xăng,Thái Lan,Sedan,,,,,523.000.000 đ
Mercedes Benz,C Class,2017,46000,Đã sử dụng,Tự động,Xăng,,Sedan,,,,,799.000.000 đ
Mercedes Benz,C Class,2008,50000,Đã sử dụng,Tự động,Xăng,Đang cập nhật,,,,,,265.000.000 đ
Ford,EcoSport,2017,12000,Đã sử dụng,Tự động,Xăng,Việt Nam,,,,,,450.000.000 đ
Kia,Carens,2015,110000,Đã sử dụng,Số sàn,Xăng,Việt Nam,,,,,,260.000.000 đ
Toyota,Corolla,1988,99999,Đã sử dụng,Số sàn,Xăng,Nhật Bản,,,,,,55.000.000 đ
Honda,City,2013,100000,Đã sử dụng,Tự động,Xăng,,Sedan,,,,,320.000.000 đ
Mazda,3,2018,39000,Đã sử dụng,Tự động,Xăng,Đang cập nhật,,,,,,455.000.000 đ
Honda,Brio,2019,83000,Đã sử dụng,Tự động,Xăng,,Hatchback,,,,,325.000.000 đ
Chevrolet,Spark,2009,180000,Đã sử dụng,Số sàn,Xăng,Mỹ,,,,,,83.000.000 đ
Ford,Transit,2017,190000,Đã sử dụng,Số sàn,Dầu,,Van,,,,,510.000.000 đ
Vinfast,VF5,2023,,Mới,Tự động,Điện,Việt Nam,SUV / Cross over,,,,,458.000.000 đ
Vinfast,Lux A2.0,2022,28888,Đã sử dụng,Tự động,Xăng,Việt Nam,,,,,,596.000.000 đ
Kia,Sedona,2016,65050,Đã sử dụng,Tự động,Xăng,Việt Nam,,,,,,598.000.000 đ
Chevrolet,Spark,2009,180000,Đã sử dụng,Số sàn,Xăng,,Hatchback,,,,,83.000.000 đ
Toyota,Camry,2013,110000,Đã sử dụng,Tự động,Xăng,Nhật Bản,,,,,,480.000.000 đ
Hyundai,Sonata,1991,150000,Đã sử dụng,Số sàn,Xăng,Hàn Quốc,,,,,,38.000.000 đ
Mazda,CX 8,2020,35000,Đã sử dụng,Tự động,Xăng,,SUV / Cross over,,,,,788.000.000 đ
Chevrolet,Captiva,2008,96,Đã sử dụng,Tự động,Xăng,,SUV / Cross over,,,,,185.000.000 đ
Ford,Ranger,2022,14000,Đã sử dụng,Tự động,Dầu,Thái Lan,,,,,,990.000.000 đ
Hyundai,Avante,2013,81999,Đã sử dụng,Tự động,Xăng,,Sedan,,,,,275.000.000 đ
Toyota,Fortuner,2012,68000,Đã sử dụng,Tự động,Xăng,Việt Nam,,,,,,415.000.000 đ
Toyota,Innova,2014,150000,Đã sử dụng,Số sàn,Xăng,Nhật Bản,,,,,,300.000.000 đ
Toyota,Vios,2022,31000,Đã sử dụng,Số sàn,Xăng,Việt Nam,,,,,,418.000.000 đ
Mazda,CX 5,2020,30000,Đã sử dụng,Tự động,Xăng,,SUV / Cross over,,,,,738.000.000 đ
Hyundai,Santa Fe,2023,,Mới,Tự động,Dầu,Việt Nam,SUV / Cross over,,,,,250.000.000 đ
MG,5,2022,4000,Đã sử dụng,Tự động,Xăng,Nước khác,,,,,,490.000.000 đ
Toyota,Vios,2018,48000,Đã sử dụng,Số sàn,Xăng,Việt Nam,,,,,,322.000.000 đ
Chevrolet,Cruze,2018,67000,Đã sử dụng,Số sàn,Xăng,Việt Nam,,,,,,286.000.000 đ
Ford,Territory,2023,10000,Đã sử dụng,Tự động,Xăng,Việt Nam,,,,,,860.000.000 đ
Vinfast,VFe34,2023,11000,Đã sử dụng,Tự động,Điện,Việt Nam,,,,,,465.000.000 đ
Toyota,Yaris,2009,100000,Đã sử dụng,Tự động,Xăng,Nhật Bản,,,,,,265.000.000 đ
Toyota,Innova,2006,150000,Đã sử dụng,Số sàn,Xăng,,Minivan (MPV),,,,,198.000.000 đ
Hyundai,Santa Fe,2016,110000,Đã sử dụng,Tự động,Dầu,Việt Nam,,,,,,615.000.000 đ
Toyota,Hiace,2007,140000,Đã sử dụng,Số sàn,Dầu,Nhật Bản,,,,,,195.000.000 đ
Mercedes Benz,GLC Class,2017,48000,Đã sử dụng,Tự động,Xăng,,SUV / Cross over,,,,,1.098.000.000 đ
Vinfast,Fadil,2022,17000,Đã sử dụng,Tự động,Xăng,,Hatchback,,,,,335.000.000 đ
Ford,EcoSport,2021,25000,Đã sử dụng,Tự động,Xăng,,SUV / Cross over,,,,,495.000.000 đ
Toyota,Innova,2018,70000,Đã sử dụng,Tự động,Xăng,Việt Nam,,,,,,585.000.000 đ
Vinfast,Lux A2.0,2020,21400,Đã sử dụng,Tự động,Xăng,Việt Nam,,,,,,665.000.000 đ
Hyundai,Accent,2023,,Mới,Tự động,Xăng,Hàn Quốc,,5,,,,112.000.000 đ
Hyundai,Tucson,2018,80000,Đã sử dụng,Tự động,Dầu,Việt Nam,,,,,,669.000.000 đ
Suzuki,Swift,2016,61000,Đã sử dụng,Tự động,Xăng,Đang cập nhật,,,,,,330.000.000 đ
Vinfast,Fadil,2022,8000,Đã sử dụng,Tự động,Xăng,Việt Nam,,,,,,315.000.000 đ
Hyundai,Tucson,2018,80000,Đã sử dụng,Tự động,Dầu,Việt Nam,,,,,,669.000.000 đ
Suzuki,Swift,2016,61000,Đã sử dụng,Tự động,Xăng,Đang cập nhật,,,,,,330.000.000 đ
Vinfast,Fadil,2022,8000,Đã sử dụng,Tự động,Xăng,Việt Nam,,,,,,315.000.000 đ
Isuzu,NMR,2018,950000,Đã sử dụng,Tự động,Dầu,Nhật Bản,,,,,,440.000.000 đ
Ford,Ranger,2020,40000,Đã sử dụng,Tự động,Dầu,Thái Lan,,,,,,550.000.000 đ
Toyota,Corolla Cross,2021,5700,Đã sử dụng,5,Xăng,Thái Lan,,,,,,760.000.000 đ
Toyota,Innova,2016,94500,Đã sử dụng,Số sàn,Xăng,Việt Nam,,,,,,298.000.000 đ
Toyota,Corolla Altis,2011,123210,Đã sử dụng,Tự động,Xăng,,Sedan,,,,,360.000.000 đ
Mitsubishi,Jolie,2003,100000,Đã sử dụng,Số sàn,Xăng,Nhật Bản,,,,,,63.000.000 đ
Ford,Ranger,2023,13000,Đã sử dụng,Tự động,Xăng,Việt Nam,,,,,,665.000.000 đ
Ford,Ranger,2015,45000,Đã sử dụng,Số sàn,Dầu,Thái Lan,,,,,,350.000.000 đ
Hyundai,Accent,2015,100000,Đã sử dụng,Tự động,Xăng,,Hatchback,,,,,295.000.000 đ
Kia,Morning,2019,85000,Đã sử dụng,Số sàn,Xăng,Việt Nam,,,,,,215.000.000 đ
Audi,Q7,2014,69000,Đã sử dụng,Tự động,Xăng,Nước khác,,,,,,870.000.000 đ
Mercedes Benz,C Class,2022,10000,Đã sử dụng,Tự động,Xăng,Việt Nam,,,,,,1.820.000.000 đ
Toyota,Fortuner,2011,90000,Đã sử dụng,Tự động,Xăng,,SUV / Cross over,,,,,378.000.000 đ
Hyundai,Azera,2007,80000,Đã sử dụng,Tự động,Xăng,Hàn Quốc,,,,,,280.000.000 đ
Mitsubishi,Xpander,2023,,Mới,Tự động,Xăng,Nước khác,Minivan (MPV),,,,,598.000.000 đ
Nissan,Sunny,2017,70000,Đã sử dụng,Tự động,Xăng,,Sedan,,,,,340.000.000 đ
Mazda,CX 5,2017,73000,Đã sử dụng,Tự động,Xăng,Việt Nam,,,,,,559.000.000 đ
Mitsubishi,Xpander,2023,,Mới,Tự động,Xăng,Nước khác,Minivan (MPV),,,,,598.000.000 đ
Nissan,Sunny,2017,70000,Đã sử dụng,Tự động,Xăng,,Sedan,,,,,340.000.000 đ
Mazda,CX 5,2017,73000,Đã sử dụng,Tự động,Xăng,Việt Nam,,,,,,559.000.000 đ
Kia,Morning,2008,130000,Đã sử dụng,Tự động,Xăng,,Hatchback,,,,,168.000.000 đ
Rover,Dòng khác,2015,153000,Đã sử dụng,Tự động,Dầu,Nước khác,,,,,,2.700.000.000 đ
Toyota,Corolla Cross,2022,10000,Đã sử dụng,Tự động,Xăng,Thái Lan,,,,,,699.000.000 đ
Hyundai,Grand i10,2017,88000,Đã sử dụng,Tự động,Xăng,Việt Nam,,,,,,279.000.000 đ
Mercedes Benz,E Class,2020,16000,Đã sử dụng,Tự động,Xăng,Đang cập nhật,,,,,,2.000.000.000 đ
Toyota,Veloz Cross,2022,13000,Đã sử dụng,Tự động,Xăng,Nước khác,,,,,,595.000.000 đ
Nissan,Navara,2021,36000,Đã sử dụng,Tự động,Dầu,Thái Lan,,,,,,660.000.000 đ
Kia,Carnival,2022,16500,Đã sử dụng,Tự động,Dầu,Hàn Quốc,,,,,,1.339.000.000 đ
Ford,Ranger,2022,19000,Đã sử dụng,Tự động,Dầu,,Pick-up (bán tải),,,,,625.000.000 đ
Kia,Sorento,2017,78000,Đã sử dụng,Tự động,Dầu,Việt Nam,,,,,,560.000.000 đ
Mitsubishi,Xpander,2020,54000,Đã sử dụng,Tự động,Xăng,Đang cập nhật,,,,,,505.000.000 đ
Hyundai,Santa Fe,2020,35000,Đã sử dụng,Tự động,Xăng,Việt Nam,,,,,,765.000.000 đ
Mazda,3,2016,60000,Đã sử dụng,Tự động,Xăng,,Sedan,,,,,390.000.000 đ
Hyundai,Accent,2023,,Mới,Tự động,Xăng,Hàn Quốc,Sedan,,,,,542.000.000 đ
Hyundai,Accent,2023,,Mới,Tự động,Xăng,Việt Nam,,5,,,,542.100.000 đ
Hyundai,Elantra,2017,65000,Đã sử dụng,Tự động,Xăng,Việt Nam,,,,,,375.000.000 đ
Toyota,Fortuner,2019,92000,Đã sử dụng,Tự động,Dầu,Việt Nam,,,,,,830.000.000 đ
Hyundai,Elantra,2017,65000,Đã sử dụng,Tự động,Xăng,Việt Nam,,,,,,375.000.000 đ
Toyota,Fortuner,2019,92000,Đã sử dụng,Tự động,Dầu,Việt Nam,,,,,,830.000.000 đ
Ford,Ranger,2020,50998,Đã sử dụng,Tự động,Dầu,Thái Lan,,,,,,550.000.000 đ
Toyota,Innova,2015,100000,Đã sử dụng,Số sàn,Xăng,Việt Nam,,,,,,265.000.000 đ
Hyundai,Creta,2023,,Mới,Tự động,Xăng,Việt Nam,SUV / Cross over,,,,,598.000.000 đ
Toyota,Fortuner,2020,50000,Đã sử dụng,Tự động,Dầu,,SUV / Cross over,,,,,855.000.000 đ
Chevrolet,Cruze,2010,78000,Đã sử dụng,Số sàn,Xăng,,Sedan,,,,,195.000.000 đ
Kia,Morning,2014,138000,Đã sử dụng,Số sàn,Xăng,Việt Nam,,,,,,145.000.000 đ
Toyota,Innova,2019,68000,Đã sử dụng,Tự động,Xăng,,Minivan (MPV),,,,,610.000.000 đ
Kia,Sedona,2019,48000,Đã sử dụng,Tự động,Xăng,Việt Nam,,,,,,830.000.000 đ
Toyota,Innova,2014,91000,Đã sử dụng,Số sàn,Xăng,Việt Nam,,,,,,368.000.000 đ
Mercedes Benz,GLB,2022,30,Đã sử dụng,Tự động,Xăng,Việt Nam,,,,,,2.620.000.000 đ
Ford,Ranger,2020,40000,Đã sử dụng,Tự động,Dầu,,Pick-up (bán tải),,,,,550.000.000 đ
Mitsubishi,Outlander,2019,75000,Đã sử dụng,Tự động,Xăng,Việt Nam,,,,,,615.000.000 đ
Toyota,Avanza,2023,,Mới,Tự động,Xăng,Việt Nam,Minivan (MPV),,,,,530.000.000 đ
Kia,Seltos,2020,43000,Đã sử dụng,Tự động,Xăng,Việt Nam,,,,,,565.000.000 đ
Hãng khác,Dòng khác,2008,94646,Đã sử dụng,Số sàn,Dầu,Đang cập nhật,,,,,,49.000.000 đ
Lexus,LS,1992,178378,Đã sử dụng,Tự động,Xăng,Đang cập nhật,,,,,,105.000.000 đ
Mitsubishi,Outlander,2023,,Mới,Tự động,Xăng,Việt Nam,SUV / Cross over,,,,,716.000.000 đ
Mercedes Benz,GLK Class,2014,98000,Đã sử dụng,Tự động,Xăng,,SUV / Cross over,,,,,625.000.000 đ
Toyota,Innova,2016,112839,Đã sử dụng,Số sàn,Dầu,Việt Nam,,,,,,380.000.000 đ
Honda,Civic,2007,160000,Đã sử dụng,Tự động,Xăng,Việt Nam,,,,,,209.000.000 đ
Kia,Sorento,2016,80000,Đã sử dụng,Tự động,Xăng,Việt Nam,,,,,,478.000.000 đ
Chevrolet,Spark,2017,93071,Đã sử dụng,Số sàn,Xăng,Việt Nam,,,,,,165.000.000 đ
Honda,CR V,2022,34000,Đã sử dụng,Tự động,Xăng,,SUV / Cross over,,,,,930.000.000 đ
Hyundai,Kona,2022,20000,Đã sử dụng,Tự động,Xăng,Việt Nam,,,,,,593.000.000 đ
Hãng khác,Dòng khác,2023,,Mới,Số sàn,Xăng,Việt Nam,,2,,,,335.000.000 đ
Peugeot,3008,2022,26000,Đã sử dụng,Tự động,Xăng,Việt Nam,,,,,,849.000.000 đ
Ford,Everest,2023,,Mới,Tự động,Dầu,Thái Lan,SUV / Cross over,,,,,1.178.000.000 đ
Chevrolet,Captiva,2017,,Đã sử dụng,Tự động,Xăng,Việt Nam,SUV / Cross over,,,,,429.000.000 đ
Kia,Sedona,2020,24000,Đã sử dụng,Tự động,Xăng,Việt Nam,,,,,,919.000.000 đ
Hyundai,i30,2010,90000,Đã sử dụng,Tự động,Xăng,Hàn Quốc,,,,,,265.000.000 đ
Lexus,ES,2015,58000,Đã sử dụng,Tự động,Xăng,Nhật Bản,,,,,,1.320.000.000 đ
Toyota,1174,2023,,Mới,Tự động,Xăng,Nước khác,,5,,,,635.000.000 đ
Honda,Civic,2021,4000,Đã sử dụng,5,Xăng,Thái Lan,,,,,,735.000.000 đ
Vinfast,Lux A2.0,2022,21000,Đã sử dụng,Tự động,Xăng,,Sedan,,,,,590.000.000 đ
Ford,Everest,2023,,Mới,Tự động,Dầu,Thái Lan,SUV / Cross over,,,,,1.352.000.000 đ
Ford,EcoSport,2016,77200,Đã sử dụng,Tự động,Xăng,Việt Nam,,,,,,370.000.000 đ
Toyota,Vios,2019,70000,Đã sử dụng,Số sàn,Xăng,Việt Nam,,,,,,352.000.000 đ
Kia,Seltos,2020,20000,Đã sử dụng,Bán tự động,Xăng,Nhật Bản,,,,,,590.000.000 đ
Kia,Seltos,2020,20000,Đã sử dụng,Bán tự động,Xăng,Nhật Bản,,,,,,590.000.000 đ
Ford,Ranger,2021,29000,Đã sử dụng,Tự động,Dầu,,Pick-up (bán tải),,,,,748.000.000 đ
Hyundai,Accent,2020,75000,Đã sử dụng,Số sàn,Xăng,Việt Nam,,,,,,340.000.000 đ
Hyundai,Tucson,2020,60000,Đã sử dụng,Tự động,Xăng,,SUV / Cross over,,,,,699.000.000 đ
Mitsubishi,Pajero Sport,2013,140000,Đã sử dụng,Tự động,Xăng,,SUV / Cross over,,,,,360.000.000 đ
Mercedes Benz,C Class,2019,36000,Đã sử dụng,Tự động,Xăng,,Sedan,,,,,1.069.000.000 đ
Mitsubishi,Xpander,2020,41000,Đã sử dụng,Số sàn,Xăng,Đang cập nhật,,,,,,460.000.000 đ
Mitsubishi,Xpander,2021,35000,Đã sử dụng,Tự động,Xăng,Nước khác,,,,,,545.000.000 đ
Hyundai,Tucson,2020,60000,Đã sử dụng,Tự động,Xăng,Việt Nam,,,,,,699.000.000 đ
Kia,Cerato,2011,100000,Đã sử dụng,Tự động,Xăng,Hàn Quốc,,,,,,275.000.000 đ
Mercedes Benz,V Class,2019,30000,Đã sử dụng,Tự động,Xăng,Đức,,,,,,1.639.000.000 đ
Kia,Sportage,2010,130000,Đã sử dụng,Tự động,Xăng,Hàn Quốc,,,,,,375.000.000 đ
Subaru,Forester,2023,,Mới,Tự động,Xăng,Thái Lan,SUV / Cross over,,,,,823.000.000 đ
Mazda,3,2022,37000,Đã sử dụng,Tự động,Xăng,,,5,,,,559.000.000 đ
Toyota,Innova,2012,245983,Đã sử dụng,Số sàn,Xăng,Việt Nam,,,,,,300.000.000 đ
Toyota,Vios,2019,68000,Đã sử dụng,Số sàn,Xăng,Đang cập nhật,,,,,,345.000.000 đ
Mazda,BT 50,2019,32698,Đã sử dụng,Tự động,Dầu,Thái Lan,,,,,,495.000.000 đ
Hyundai,Grand i10,2016,110000,Đã sử dụng,Số sàn,Xăng,Ấn Độ,,,,,,175.000.000 đ
Toyota,Innova,2018,48000,Đã sử dụng,Tự động,Xăng,Việt Nam,,,,,,525.000.000 đ
Hyundai,i30,2014,7800,Đã sử dụng,Tự động,Xăng,Hàn Quốc,,,,,,360.000.000 đ
Kia,Sonet,2022,10000,Đã sử dụng,Tự động,Xăng,Việt Nam,,,,,,505.000.000 đ
LandRover,Range Rover,2012,7000,Đã sử dụng,Tự động,Xăng,Mỹ,,,,,,1.320.000.000 đ
Ford,Transit,2019,85000,Đã sử dụng,Số sàn,Dầu,Việt Nam,,,,,,616.000.000 đ
Mercedes Benz,E Class,2022,30,Đã sử dụng,Tự động,Xăng,Việt Nam,,,,,,2.150.000.000 đ
Kia,Morning,2016,70000,Đã sử dụng,Tự động,Xăng,Việt Nam,,,,,,270.000.000 đ
Hyundai,Grand i10,2019,70000,Đã sử dụng,Tự động,Xăng,Việt Nam,,,,,,345.000.000 đ
Hyundai,Santa Fe,2023,,Mới,Tự động,Dầu,Việt Nam,SUV / Cross over,,,,,960.000.000 đ
Mazda,6,2021,30000,Đã sử dụng,Tự động,Xăng,,Sedan,,,,,668.000.000 đ
Kia,Sportage,2011,75000,Đã sử dụng,Tự động,Xăng,Việt Nam,,,,,,375.000.000 đ
Suzuki,XL 7,2021,10000,Đã sử dụng,Tự động,Xăng,Nhật Bản,,,,,,545.000.000 đ
Mazda,6,2014,39000,Đã sử dụng,Tự động,Xăng,Nhật Bản,,,,,,418.000.000 đ
Toyota,Aygo,2007,75378,Đã sử dụng,Tự động,Xăng,Đang cập nhật,,,,,,175.000.000 đ
Hyundai,Accent,2023,,Mới,Tự động,Xăng,Việt Nam,Sedan,,,,,96.000.000 đ
Mazda,CX 5,2023,2300,Đã sử dụng,Tự động,Xăng,Việt Nam,,,,,,799.000.000 đ
Hyundai,i30,2011,112000,Đã sử dụng,Tự động,Xăng,Hàn Quốc,,,,,,280.000.000 đ
Kia,Carens,2015,5000,Đã sử dụng,Tự động,Xăng,Nhật Bản,,,,,,215.000.000 đ
BMW,3 Series,2004,95000,Đã sử dụng,Tự động,Xăng,Đức,,,,,,99.000.000 đ
Mitsubishi,Xpander,2023,,Mới,Tự động,Xăng,Nhật Bản,Minivan (MPV),,,,,524.000.000 đ
Hyundai,Tucson,2023,,Mới,Tự động,Xăng,Việt Nam,SUV / Cross over,,,,,763.000.000 đ
Toyota,Innova,2011,152000,Đã sử dụng,Số sàn,Xăng,Việt Nam,,,,,,279.000.000 đ
Hyundai,Tucson,2021,28000,Đã sử dụng,Tự động,Xăng,,SUV / Cross over,,,,,750.000.000 đ
BMW,6 Series,2012,60000,Đã sử dụng,Tự động,Xăng,Đức,,,,,,999.000.000 đ
Toyota,Vios,2019,60000,Đã sử dụng,Số sàn,Xăng,Việt Nam,,,,,,355.000.000 đ
Kia,Sonet,2021,36000,Đã sử dụng,Tự động,Xăng,Việt Nam,,,,,,550.000.000 đ
Ford,Ranger,2022,19000,Đã sử dụng,Tự động,Dầu,Đang cập nhật,,,,,,635.000.000 đ
Chevrolet,Cruze,2016,55000,Đã sử dụng,Tự động,Xăng,Mỹ,,,,,,320.000.000 đ
Ford,Fiesta,2021,110000,Đã sử dụng,Số sàn,Xăng,,Sedan,,,,,200.000.000 đ
Toyota,Vios,2015,65000,Đã sử dụng,Tự động,Xăng,Đang cập nhật,,,,,,350.000.000 đ
Mercedes Benz,GLC Class,2018,55000,Đã sử dụng,Tự động,Xăng,Việt Nam,,,,,,1.180.000.000 đ
Suzuki,Swift,2015,60000,Đã sử dụng,Tự động,Xăng,Việt Nam,,,,,,305.000.000 đ
Ford,EcoSport,2016,55000,Đã sử dụng,Tự động,Xăng,Việt Nam,,,,,,365.000.000 đ
Kia,Sorento,2013,63000,Đã sử dụng,Tự động,Xăng,,SUV / Cross over,,,,,380.000.000 đ
Hyundai,Stargazer,2023,,Mới,Tự động,Xăng,Hàn Quốc,Minivan (MPV),,,,,473.000.000 đ
Kia,Seltos,2020,35000,Đã sử dụng,Tự động,Xăng,Việt Nam,,,,,,589.000.000 đ
Mazda,CX 8,2021,28000,Đã sử dụng,Tự động,Xăng,Việt Nam,,,,,,875.000.000 đ
Kia,Carnival,2022,38000,Đã sử dụng,Tự động,Dầu,Việt Nam,,,,,,1.230.000.000 đ
Toyota,Innova,2020,59400,Đã sử dụng,Số sàn,Xăng,Việt Nam,,,,,,580.000.000 đ
Toyota,Vios,2018,52000,Đã sử dụng,Số sàn,Xăng,Việt Nam,,,,,,328.000.000 đ
Hyundai,Grand i10,2015,95000,Đã sử dụng,Số sàn,Xăng,Ấn Độ,,,,,,172.000.000 đ
Mercedes Benz,GLC Class,2022,30,Đã sử dụng,Tự động,Xăng,Việt Nam,,,,,,2.260.000.000 đ
Renault,Megane,2012,98400,Đã sử dụng,Số sàn,Xăng,Nước khác,,,,,,690.000.000 đ
Toyota,Corolla Cross,2022,2000,Đã sử dụng,Tự động,Xăng,Thái Lan,,,,,,810.000.000 đ
Hyundai,Accent,2014,100000,Đã sử dụng,Tự động,Xăng,Hàn Quốc,,,,,,315.000.000 đ
Toyota,Corolla Cross,2023,,Mới,Tự động,Xăng,Thái Lan,SUV / Cross over,,,,,755.000.000 đ
MG,HS,2022,53000,Đã sử dụng,Tự động,Xăng,Trung Quốc,,,,,,530.000.000 đ
Hyundai,Tucson,2023,,Mới,Tự động,Xăng,Việt Nam,SUV / Cross over,,,,,769.000.000 đ
Toyota,Fortuner,2015,76000,Đã sử dụng,Tự động,Xăng,Nước khác,,,,,,525.000.000 đ
Ford,Everest,2009,127000,Đã sử dụng,Số sàn,Dầu,Mỹ,,,,,,300.000.000 đ
Audi,A6,2006,12000,Đã sử dụng,Tự động,Xăng,Đức,,,,,,279.000.000 đ
Mercedes Benz,C Class,2011,78379,Đã sử dụng,Tự động,Xăng,Đang cập nhật,,,,,,305.000.000 đ
Hyundai,Stargazer,2022,,Mới,Tự động,Xăng,Nước khác,Minivan (MPV),,,,,45.000.000 đ
Toyota,Yaris,2018,35800,Đã sử dụng,Tự động,Xăng,,Hatchback,,,,,459.000.000 đ
Hãng khác,Dòng khác,2010,99999,Đã sử dụng,Số sàn,Xăng,Trung Quốc,,,,,,60.000.000 đ
Toyota,Vios,2017,110000,Đã sử dụng,Tự động,Xăng,Việt Nam,,,,,,375.000.000 đ
Bentley,Flying Spur,2010,42000,Đã sử dụng,Tự động,Xăng,Nước khác,,,,,,2.500.000.000 đ
Chevrolet,Trailblazer,2018,5000,Đã sử dụng,Tự động,Dầu,,SUV / Cross over,,,,,525.000.000 đ
Mercedes Benz,C Class,2013,52000,Đã sử dụng,Tự động,Xăng,Đức,,,,,,399.000.000 đ
Honda,City,2017,71000,Đã sử dụng,Tự động,Xăng,,Sedan,,,,,368.000.000 đ
Hyundai,Santa Fe,2023,,Mới,Tự động,Xăng,Việt Nam,SUV / Cross over,,,,,960.000.000 đ
Mercedes Benz,C Class,2021,31000,Đã sử dụng,Tự động,Xăng,Đức,,,,,,1.268.000.000 đ
Toyota,Camry,2019,45000,Đã sử dụng,Tự động,Xăng,Thái Lan,,,,,,799.000.000 đ
Ford,EcoSport,2019,59000,Đã sử dụng,Tự động,Xăng,,SUV / Cross over,,,,,449.000.000 đ
Toyota,Corolla Cross,2022,11000,Đã sử dụng,Tự động,Xăng,Thái Lan,,,,,,698.000.000 đ
Toyota,Corolla,2010,220000,Đã sử dụng,Tự động,Xăng,Nước khác,,,,,,340.000.000 đ
Hyundai,i20,2013,77000,Đã sử dụng,Tự động,Xăng,Hàn Quốc,,,,,,280.000.000 đ
Mazda,3,2017,60000,Đã sử dụng,Tự động,Xăng,Việt Nam,,,,,,430.000.000 đ
Honda,City,2017,135999,Đã sử dụng,Tự động,Xăng,Việt Nam,,,,,,332.000.000 đ
Toyota,Fortuner,2018,661000,Đã sử dụng,Bán tự động,Xăng,,SUV / Cross over,,,,,710.000.000 đ
Kia,Carens,2015,120000,Đã sử dụng,Số sàn,Xăng,,SUV / Cross over,,,,,245.000.000 đ
Honda,City,2022,19000,Đã sử dụng,Tự động,Xăng,Việt Nam,,,,,,489.000.000 đ
Ford,Ranger,2017,95000,Đã sử dụng,Tự động,Dầu,Thái Lan,,,,,,550.000.000 đ
Toyota,Vios,2010,125000,Đã sử dụng,Tự động,Xăng,Việt Nam,,,,,,295.000.000 đ
Honda,CR V,2021,17000,Đã sử dụng,Tự động,Xăng,Việt Nam,,,,,,880.000.000 đ
Hyundai,Accent,2020,60000,Đã sử dụng,Tự động,Xăng,Việt Nam,,,,,,395.000.000 đ
Toyota,Innova,2015,100000,Đã sử dụng,Số sàn,Xăng,Việt Nam,,,,,,355.000.000 đ
Ford,Transit,2014,120000,Đã sử dụng,Số sàn,Dầu,Việt Nam,,,,,,348.000.000 đ
Toyota,Innova,2013,128338,Đã sử dụng,Số sàn,Xăng,Nhật Bản,,,,,,279.000.000 đ
Volkswagen,Tiguan,2023,,Mới,Tự động,Xăng,Đức,SUV / Cross over,,,,,1.499.000.000 đ
Mercedes Benz,E Class,2020,20000,Đã sử dụng,Tự động,Xăng,,Sedan,,,,,1.280.000.000 đ
Daewoo,Lacetti,2005,112000,Đã sử dụng,Số sàn,Xăng,Việt Nam,,,,,,109.000.000 đ
Toyota,Innova,2019,56,Đã sử dụng,Số sàn,Xăng,Đang cập nhật,,,,,,439.000.000 đ
Luxgen,5,2013,44000,Đã sử dụng,Tự động,Xăng,Đài Loan,,,,,,445.000.000 đ
Ford,Everest,2021,45214,Đã sử dụng,Tự động,Dầu,Thái Lan,,,,,,940.000.000 đ
Hãng khác,Dòng khác,2021,21000,Đã sử dụng,Tự động,Xăng,Thái Lan,,,,,,760.000.000 đ
Mitsubishi,Xpander,2020,53000,Đã sử dụng,Tự động,Xăng,Đang cập nhật,,,,,,498.000.000 đ
Kia,Carnival,2023,,Mới,Tự động,Dầu,Việt Nam,Minivan (MPV),,,,,1.209.000.000 đ
Mercedes Benz,GLC Class,2022,9700,Đã sử dụng,Tự động,Xăng,Việt Nam,,,,,,2.199.000.000 đ
Suzuki,Ertiga,2022,,Mới,Số sàn,Động cơ Hybrid,Nước khác,Minivan (MPV),,,,,538.000.000 đ
Kia,Sonet,2023,,Mới,Tự động,Xăng,Việt Nam,SUV / Cross over,,,,,519.000.000 đ
Toyota,Corolla Cross,2021,20000,Đã sử dụng,5,Xăng,Thái Lan,,,,,,685.000.000 đ
Honda,CR V,2022,33000,Đã sử dụng,Tự động,Xăng,Việt Nam,,,,,,899.000.000 đ
Ford,Everest,2022,12000,Đã sử dụng,Tự động,Dầu,Thái Lan,,,,,,1.329.000.000 đ
Kia,Sonet,2021,36600,Đã sử dụng,Tự động,Xăng,Việt Nam,,,,,,550.000.000 đ
Ford,Laser,2003,123,Đã sử dụng,Tự động,Xăng,Đang cập nhật,,,,,,119.000.000 đ
Mercedes Benz,E Class,2018,47000,Đã sử dụng,Tự động,Xăng,Việt Nam,,,,,,1.330.000.000 đ
Toyota,Veloz,2023,,Mới,Tự động,Xăng,Việt Nam,,7,,,,628.000.000 đ
Mercedes Benz,E Class,2016,66000,Đã sử dụng,Tự động,Xăng,Đức,,,,,,1.268.000.000 đ
Hyundai,Stargazer,2022,,Mới,Tự động,Xăng,Nước khác,SUV / Cross over,,,,,473.000.000 đ
Volkswagen,Teramont,2023,,Mới,Tự động,Xăng,Đức,SUV / Cross over,,,,,2.099.000.000 đ
Ford,Ranger,2021,35000,Đã sử dụng,Tự động,Dầu,Thái Lan,,,,,,565.000.000 đ
Mercedes Benz,E Class,2016,70000,Đã sử dụng,Tự động,Xăng,Đức,,,,,,1.268.000.000 đ
Mazda,3,2017,68000,Đã sử dụng,Tự động,Xăng,Việt Nam,,,,,,450.000.000 đ
Ford,Ranger,2022,18000,Đã sử dụng,Tự động,Dầu,Đang cập nhật,,,,,,845.000.000 đ
Mitsubishi,Xpander,2021,49000,Đã sử dụng,Tự động,Xăng,Việt Nam,,,,,,530.000.000 đ
Mercedes Benz,GLC,2017,75000,Đã sử dụng,Tự động,Xăng,Đang cập nhật,,,,,,1.070.000.000 đ
Kia,Cerato,2016,80000,Đã sử dụng,Tự động,Xăng,Việt Nam,,,,,,385.000.000 đ
Mercedes Benz,C Class,2018,27000,Đã sử dụng,Tự động,Xăng,Việt Nam,,,,,,879.000.000 đ
Honda,Accord,1992,23888,Đã sử dụng,Số sàn,Xăng,Nhật Bản,,,,,,45.000.000 đ
Mercedes Benz,GLC Class,2022,900,Đã sử dụng,Tự động,Xăng,Việt Nam,,,,,,2.299.000.000 đ
Ford,Mondeo,2003,123456,Đã sử dụng,Tự động,Xăng,Mỹ,,,,,,90.000.000 đ
Ferrari,456,2001,100000,Đã sử dụng,Số sàn,Xăng,Nhật Bản,,,,,,15.500.000 đ
Mazda,CX 5,2014,130000,Đã sử dụng,Tự động,Xăng,,SUV / Cross over,,,,,419.000.000 đ
Hyundai,Grand i10,2017,520000,Đã sử dụng,Tự động,Xăng,Việt Nam,,,,,,296.000.000 đ
Mazda,CX-30,2023,4000,Đã sử dụng,Tự động,Xăng,Thái Lan,,,,,,740.000.000 đ
Hyundai,Grand i10,2016,165000,Đã sử dụng,Số sàn,Xăng,Ấn Độ,,,,,,185.000.000 đ
Toyota,Veloz,2023,,Mới,Tự động,Xăng,Nước khác,Minivan (MPV),,,,,618.000.000 đ
Toyota,Innova,2008,150,Đã sử dụng,Số sàn,Xăng,,SUV / Cross over,,,,,209.000.000 đ
Toyota,Fortuner,2013,78,Đã sử dụng,Tự động,Xăng,,SUV / Cross over,,,,,359.000.000 đ
Mercedes Benz,C Class,2022,30,Đã sử dụng,Tự động,Xăng,Việt Nam,,,,,,1.689.000.000 đ
Ford,Ranger,2012,1,Đã sử dụng,Số sàn,Dầu,,Pick-up (bán tải),,,,,265.000.000 đ
Toyota,Innova,2012,98000,Đã sử dụng,Số sàn,Xăng,Việt Nam,,,,,,290.000.000 đ
Toyota,Innova,2013,99,Đã sử dụng,Số sàn,Xăng,,SUV / Cross over,,,,,269.000.000 đ
Vinfast,Lux SA2.0,2020,50000,Đã sử dụng,Tự động,Xăng,Việt Nam,,,,,,760.000.000 đ
Lexus,RX,2008,92000,Đã sử dụng,Tự động,Xăng,Nước khác,,,,,,490.000.000 đ
Toyota,Innova Cross,2023,,Mới,Tự động,Xăng,Nước khác,Minivan (MPV),,,,,810.000.000 đ
Honda,Civic,2008,100000,Đã sử dụng,Số sàn,Xăng,,Sedan,,,,,180.000.000 đ
Lexus,RX,2008,92000,Đã sử dụng,Tự động,Xăng,Nước khác,,,,,,445.000.000 đ
Mercedes Benz,Maybach,2016,45000,Đã sử dụng,Tự động,Xăng,Đức,,,,,,3.150.000.000 đ
Mitsubishi,Triton,2022,10000,Đã sử dụng,Tự động,Dầu,Thái Lan,,,,,,555.000.000 đ
Kia,Sorento,2021,33000,Đã sử dụng,Tự động,Dầu,,SUV / Cross over,,,,,929.000.000 đ
Hyundai,Grand i10,2019,56,Đã sử dụng,Tự động,Xăng,Đang cập nhật,,,,,,289.000.000 đ
BMW,3 Series,2011,111111,Đã sử dụng,Tự động,Xăng,,Sedan,,,,,315.000.000 đ
Ford,Ranger,2023,,Đã sử dụng,Tự động,Dầu,Việt Nam,Pick-up (bán tải),,,,,625.000.000 đ
Ford,Ranger,2015,33000,Đã sử dụng,Số sàn,Dầu,Việt Nam,,,,,,350.000.000 đ
Mazda,3,2021,20000,Đã sử dụng,Tự động,Xăng,Việt Nam,,,,,,699.000.000 đ
Ford,Territory,2023,,Mới,Tự động,Xăng,Việt Nam,SUV / Cross over,,,,,954.000.000 đ
Hyundai,Stargazer,2022,,Mới,Tự động,Xăng,Nước khác,Minivan (MPV),,,,,66.000.000 đ
Vinfast,Lux SA2.0,2021,20000,Đã sử dụng,Tự động,Xăng,Đang cập nhật,,,,,,855.000.000 đ
Hyundai,Santa Fe,2020,39000,Đã sử dụng,Tự động,Xăng,Việt Nam,,,,,,849.000.000 đ
Ford,Everest,2023,,Mới,Tự động,Dầu,Thái Lan,SUV / Cross over,,,,,1.099.000.000 đ
LandRover,Range Rover,2014,50000,Đã sử dụng,Tự động,Xăng,,SUV / Cross over,,,,,2.800.000.000 đ
Mercedes Benz,C Class,2021,31000,Đã sử dụng,Tự động,Xăng,Đức,,,,,,1.268.000.000 đ
Toyota,Innova,2017,120000,Đã sử dụng,Số sàn,Xăng,Việt Nam,,,,,,442.000.000 đ
Hyundai,Santa Fe,2023,,Mới,Tự động,Xăng,Việt Nam,Sedan,,,,,959.000.000 đ
Mercedes Benz,C Class,2017,80000,Đã sử dụng,Tự động,Xăng,,Sedan,,,,,779.000.000 đ
Ford,EcoSport,2018,36000,Đã sử dụng,Tự động,Xăng,,SUV / Cross over,,,,,445.000.000 đ
Suzuki,Ertiga,2022,,Mới,Tự động,Xăng,Nước khác,SUV / Cross over,,,,,608.000.000 đ
Chevrolet,Cruze,2014,40000,Đã sử dụng,Tự động,Xăng,Việt Nam,,,,,,285.000.000 đ
Hyundai,i30,2009,90000,Đã sử dụng,Tự động,Xăng,,Hatchback,,,,,275.000.000 đ
Toyota,Vios,2020,45000,Đã sử dụng,Số sàn,Xăng,Đang cập nhật,,,,,,375.000.000 đ
Hyundai,Accent,2022,20000,Đã sử dụng,Tự động,Xăng,Việt Nam,,,,,,475.000.000 đ
Toyota,Innova,2014,95000,Đã sử dụng,Tự động,Xăng,Nhật Bản,,,,,,196.000.000 đ
Toyota,Vios,2019,64000,Đã sử dụng,Tự động,Xăng,Việt Nam,,,,,,435.000.000 đ
Mercedes Benz,C Class,2023,7000,Đã sử dụng,Tự động,Xăng,Đức,,,,,,1.400.000.000 đ
Mercedes Benz,E Class,2021,21700,Đã sử dụng,Tự động,Xăng,Việt Nam,,,,,,2.250.000.000 đ
Hyundai,Santa Fe,2021,22000,Đã sử dụng,Tự động,Xăng,,SUV / Cross over,,,,,998.000.000 đ
Hyundai,Grand i10,2021,55000,Đã sử dụng,Tự động,Xăng,Việt Nam,,,,,,355.000.000 đ
Kia,Morning,2023,,Mới,Tự động,Xăng,Thái Lan,Sedan,,,,,76.000.000 đ
Hyundai,Elantra,2017,67000,Đã sử dụng,Tự động,Xăng,,Sedan,,,,,430.000.000 đ
Toyota,Vios,2020,90000,Đã sử dụng,Tự động,Xăng,Việt Nam,,,,,,445.000.000 đ
Toyota,Vios,2020,90000,Đã sử dụng,Tự động,Xăng,Việt Nam,,,,,,445.000.000 đ
Toyota,Innova,2008,163287,Đã sử dụng,Số sàn,Xăng,,Minivan (MPV),,,,,238.000.000 đ
Toyota,Fortuner,2022,,Mới,Tự động,Dầu,Việt Nam,SUV / Cross over,,,,,956.000.000 đ
Mercedes Benz,C Class,2012,100000,Đã sử dụng,Tự động,Xăng,Việt Nam,,,,,,398.000.000 đ
Kia,Morning,2011,99000,Đã sử dụng,Tự động,Xăng,Hàn Quốc,,,,,,199.000.000 đ
Mercedes Benz,C Class,2009,9000,Đã sử dụng,Tự động,Xăng,Việt Nam,,,,,,245.000.000 đ
Toyota,Corolla Altis,2009,9000,Đã sử dụng,Tự động,Xăng,Việt Nam,,,,,,285.000.000 đ
Suzuki,Celerio,2018,60000,Đã sử dụng,Tự động,Xăng,Nhật Bản,,,,,,300.000.000 đ
Mitsubishi,Jolie,2006,32879,Đã sử dụng,Số sàn,Xăng,Việt Nam,,,,,,116.000.000 đ
Hyundai,Tucson,2017,55000,Đã sử dụng,Tự động,Xăng,Việt Nam,,,,,,600.000.000 đ
Toyota,Vios,2018,80000,Đã sử dụng,Số sàn,Xăng,Việt Nam,,,,,,310.000.000 đ
Ford,Ranger,2021,30000,Đã sử dụng,Tự động,Dầu,Thái Lan,,,,,,579.000.000 đ
Ford,Ranger,2020,59000,Đã sử dụng,Tự động,Dầu,,Pick-up (bán tải),,,,,729.000.000 đ
Hyundai,Grand i10,2017,51000,Đã sử dụng,Số sàn,Xăng,Ấn Độ,,,,,,215.000.000 đ
Ford,Mondeo,2003,100000,Đã sử dụng,Tự động,Xăng,Mỹ,,,,,,90.000.000 đ
Ford,Transit,2007,100000,Đã sử dụng,Số sàn,Dầu,Đang cập nhật,,,,,,145.000.000 đ
Lexus,ES,2022,5000,Đã sử dụng,Tự động,Xăng,Nhật Bản,,,,,,2.300.000.000 đ
Chevrolet,Captiva,2007,112000,Đã sử dụng,Số sàn,Xăng,,,7,,,,148.000.000 đ
Hyundai,Grand i10,2016,52000,Đã sử dụng,Tự động,Xăng,Hàn Quốc,,,,,,295.000.000 đ
Hyundai,Tucson,2023,,Mới,Tự động,Xăng,Việt Nam,SUV / Cross over,,,,,762.000.000 đ
Hyundai,Tucson,2023,,Mới,Tự động,Xăng,Việt Nam,SUV / Cross over,,,,,762.000.000 đ
Kia,Morning,2020,39000,Đã sử dụng,Tự động,Xăng,Việt Nam,,,,,,305.000.000 đ
Toyota,Innova,2013,100000,Đã sử dụng,Số sàn,Xăng,Việt Nam,,,,,,228.000.000 đ
Toyota,Vios,2011,90000,Đã sử dụng,Số sàn,Xăng,,Sedan,,,,,15.700.000 đ
Toyota,Vios,2019,70000,Đã sử dụng,Tự động,Xăng,Việt Nam,,,,,,410.000.000 đ
Mini,Cooper,2018,40000,Đã sử dụng,Tự động,Xăng,Đức,,,,,,1.199.000.000 đ
Honda,City,2017,41000,Đã sử dụng,Tự động,Xăng,Việt Nam,,,,,,375.000.000 đ
Hyundai,Grand i10,2020,45000,Đã sử dụng,Số sàn,Xăng,Việt Nam,,,,,,295.000.000 đ
Honda,City,2017,70000,Đã sử dụng,Tự động,Xăng,Việt Nam,,,,,,398.000.000 đ
Kia,Sorento,2021,23000,Đã sử dụng,Tự động,Dầu,Hàn Quốc,,,,,,980.000.000 đ
Mitsubishi,Jolie,2002,96000,Đã sử dụng,Số sàn,Xăng,Nhật Bản,,,,,,58.000.000 đ
Hyundai,i30,2008,110000,Đã sử dụng,Tự động,Xăng,Hàn Quốc,,,,,,236.000.000 đ
Volkswagen,Touareg,2023,,Mới,Tự động,Xăng,Nước khác,Sedan,,,,,2.699.000.000 đ
Kia,Carnival,2022,,Mới,Tự động,Xăng,Hàn Quốc,SUV / Cross over,,,,,1.684.000.000 đ
Mercedes Benz,GLC Class,2022,175,Đã sử dụng,Tự động,Xăng,Việt Nam,,,,,,2.369.000.000 đ
Mitsubishi,Attrage,2023,,Mới,Số sàn,Xăng,Thái Lan,Sedan,,,,,380.000.000 đ
Mitsubishi,Xpander Cross,2023,,Mới,Tự động,Xăng,Nước khác,SUV / Cross over,,,,,110.000.000 đ
Kia,Morning,2019,13000,Đã sử dụng,Tự động,Xăng,Việt Nam,,,,,,298.000.000 đ
Toyota,Vios,2020,90000,Đã sử dụng,Tự động,Xăng,Việt Nam,,,,,,400.000.000 đ
Mazda,CX 5,2017,70000,Đã sử dụng,Tự động,Xăng,,SUV / Cross over,,,,,560.000.000 đ
Mazda,CX 5,2017,70000,Đã sử dụng,Tự động,Xăng,,SUV / Cross over,,,,,560.000.000 đ
Kia,Rondo,2016,60000,Đã sử dụng,Tự động,Xăng,Việt Nam,,,,,,392.000.000 đ
Mercedes Benz,E Class,2016,43000,Đã sử dụng,Tự động,Xăng,Đức,,,,,,1.299.999.999 đ
Hyundai,Santa Fe,2023,,Mới,Tự động,Dầu,Việt Nam,SUV / Cross over,,,,,1.182.000.000 đ
Ford,Escape,2008,150000,Đã sử dụng,Tự động,Động cơ Hybrid,,SUV / Cross over,,,,,199.000.000 đ
Kia,Carens,2011,62000,Đã sử dụng,Tự động,Xăng,Việt Nam,,,,,,270.000.000 đ
Mercedes Benz,C Class,2009,90000,Đã sử dụng,Tự động,Xăng,Việt Nam,,,,,,360.000.000 đ
Kia,Forte,2011,90000,Đã sử dụng,Tự động,Xăng,Việt Nam,,,,,,282.000.000 đ
Ford,EcoSport,2016,70000,Đã sử dụng,Tự động,Xăng,Việt Nam,,,,,,355.000.000 đ
Mitsubishi,Triton,2023,,Mới,Tự động,Xăng,Thái Lan,Pick-up (bán tải),,,,,733.000.000 đ
Toyota,Vios,2023,,Mới,Tự động,Xăng,Việt Nam,Sedan,,,,,560.000.000 đ
Ford,Focus,2008,25460,Đã sử dụng,Số sàn,Xăng,Việt Nam,,,,,,118.000.000 đ
Mitsubishi,Xpander,2021,22000,Đã sử dụng,Tự động,Xăng,Đang cập nhật,,,,,,548.000.000 đ
Hãng khác,Dòng khác,2023,100000,Đã sử dụng,Bán tự động,Xăng,Đang cập nhật,,,,,,300.000.000 đ
Lexus,ES,2008,89000,Đã sử dụng,Tự động,Xăng,Nhật Bản,,,,,,535.000.000 đ
Toyota,Corolla,1994,200000,Đã sử dụng,Số sàn,Xăng,Mỹ,,,,,,76.000.000 đ
Mercedes Benz,E Class,2017,15000,Đã sử dụng,Tự động,Xăng,,Sedan,,,,,1.350.000.000 đ
Audi,Q7,2010,85000,Đã sử dụng,Tự động,Xăng,Đức,,,,,,590.000.000 đ
Kia,Forte,2010,1899,Đã sử dụng,Số sàn,Xăng,Việt Nam,,,,,,178.000.000 đ
Toyota,Rush,2019,55000,Đã sử dụng,Tự động,Xăng,Nhật Bản,,,,,,489.000.000 đ
Toyota,Fortuner,2011,15000,Đã sử dụng,Tự động,Xăng,Việt Nam,,,,,,350.000.000 đ
Mercedes Benz,C Class,2019,50000,Đã sử dụng,Tự động,Xăng,Đức,,,,,,1.199.000.000 đ
Ford,EcoSport,2020,5000,Đã sử dụng,Tự động,Xăng,Việt Nam,,,,,,555.000.000 đ
Mercedes Benz,Dòng khác,2003,165052,Đã sử dụng,Tự động,Xăng,Việt Nam,,,,,,165.000.000 đ
Mercedes Benz,A Class,2013,80000,Đã sử dụng,Tự động,Xăng,,Hatchback,,,,,439.000.000 đ
Kia,Cerato,2011,120000,Đã sử dụng,Tự động,Xăng,Hàn Quốc,,,,,,285.000.000 đ
Mitsubishi,Xpander,2021,45000,Đã sử dụng,Tự động,Xăng,,Minivan (MPV),,,,,555.000.000 đ
Mercedes Benz,C Class,2009,90000,Đã sử dụng,Tự động,Xăng,Đức,,,,,,219.000.000 đ
Hyundai,Tucson,2022,16000,Đã sử dụng,Tự động,Xăng,Việt Nam,,,,,,868.000.000 đ
Mitsubishi,Xpander,2023,,Mới,Tự động,Xăng,Nước khác,SUV / Cross over,,,,,598.000.000 đ
Hyundai,Santa Fe,2018,680000,Đã sử dụng,Tự động,Xăng,Việt Nam,,,,,,750.000.000 đ
Volkswagen,Teramont,2023,,Mới,Tự động,Xăng,Đức,,7,,,,2.099.000.000 đ
Kia,Soluto,2023,,Mới,Tự động,Xăng,Hàn Quốc,Sedan,,,,,446.000.000 đ
Toyota,Vios,2019,70000,Đã sử dụng,Tự động,Xăng,Nhật Bản,,,,,,398.000.000 đ
Kia,Sedona,2016,900000,Đã sử dụng,Tự động,Dầu,Việt Nam,,,,,,650.000.000 đ
Mitsubishi,Xpander,2023,,Mới,Tự động,Xăng,Nước khác,Minivan (MPV),,,,,560.000.000 đ
Mercedes Benz,GT Coupe,2022,798,Đã sử dụng,Tự động,Xăng,Đức,,,,,,6.200.000.000 đ
Ford,Ranger,2020,22368,Đã sử dụng,Tự động,Dầu,Thái Lan,,,,,,636.000.000 đ
Toyota,Camry,2008,100000,Đã sử dụng,Tự động,Xăng,,Sedan,,,,,295.000.000 đ
Ford,Territory,2023,10000,Đã sử dụng,Tự động,Xăng,Việt Nam,,,,,,865.000.000 đ
Chevrolet,Cruze,2011,112000,Đã sử dụng,Số sàn,Xăng,,Sedan,,,,,188.000.000 đ
BMW,4 Series,2014,42000,Đã sử dụng,Tự động,Xăng,Đức,,,,,,899.000.000 đ
Chevrolet,Cruze,2011,112000,Đã sử dụng,Số sàn,Xăng,,Sedan,,,,,188.000.000 đ
Vinfast,Lux A2.0,2019,16000,Đã sử dụng,Tự động,Xăng,Đang cập nhật,,,,,,595.000.000 đ
Honda,City,2019,32000,Đã sử dụng,Tự động,Xăng,Việt Nam,,,,,,419.000.000 đ
Lexus,ES,2022,5000,Đã sử dụng,Tự động,Xăng,Nhật Bản,,,,,,2.299.000.000 đ
Hyundai,Dòng khác,2023,,Mới,Tự động,Dầu,Việt Nam,SUV / Cross over,,,,,1.469.000.000 đ
Mercedes Benz,C Class,2007,160000,Đã sử dụng,Tự động,Xăng,Đang cập nhật,,,,,,269.000.000 đ
Mercedes Benz,ML Class,2008,100000,Đã sử dụng,Tự động,Xăng,Mỹ,,,,,,395.000.000 đ
Hyundai,Santa Fe,2009,110000,Đã sử dụng,Tự động,Dầu,Hàn Quốc,,,,,,425.000.000 đ
Kia,Seltos,2021,54000,Đã sử dụng,5,Xăng,Hàn Quốc,,,,,,599.000.000 đ
Kia,K3,2015,87622,Đã sử dụng,Tự động,Xăng,Việt Nam,,,,,,320.000.000 đ
Toyota,Veloz,2023,,Mới,Tự động,Xăng,Nước khác,SUV / Cross over,,,,,628.000.000 đ
Vinfast,Fadil,2020,42000,Đã sử dụng,Tự động,Xăng,Việt Nam,,,,,,295.000.000 đ
Daewoo,GentraX,2008,130000,Đã sử dụng,Tự động,Xăng,Đang cập nhật,,,,,,174.000.000 đ
Honda,CR V,2021,25000,Đã sử dụng,Tự động,Xăng,Nhật Bản,,,,,,852.000.000 đ
Toyota,Zace,2001,153353,Đã sử dụng,Số sàn,Xăng,,SUV / Cross over,,,,,130.000.000 đ
Hyundai,Grand i10,2019,77000,Đã sử dụng,Số sàn,Xăng,,Hatchback,,,,,230.000.000 đ
Honda,Civic,2007,150000,Đã sử dụng,Tự động,Xăng,Đang cập nhật,,,,,,215.000.000 đ
Honda,Civic,2012,82000,Đã sử dụng,Tự động,Xăng,Việt Nam,,,,,,309.000.000 đ
Hyundai,Grand i10,2019,77000,Đã sử dụng,Số sàn,Xăng,,Hatchback,,,,,230.000.000 đ
Honda,Civic,2007,150000,Đã sử dụng,Tự động,Xăng,Đang cập nhật,,,,,,215.000.000 đ
Honda,Civic,2012,82000,Đã sử dụng,Tự động,Xăng,Việt Nam,,,,,,309.000.000 đ
Hyundai,Accent,2019,20000,Đã sử dụng,Số sàn,Xăng,Việt Nam,,,,,,300.000.000 đ
Kia,K3,2015,67000,Đã sử dụng,Tự động,Xăng,Việt Nam,,,,,,366.000.000 đ
Toyota,Vios,2017,121000,Đã sử dụng,Tự động,Xăng,Việt Nam,,,,,,385.000.000 đ
Kia,Morning,2023,,Mới,Tự động,Xăng,Việt Nam,Hatchback,,,,,349.000.000 đ
Ford,Transit,2016,45000,Đã sử dụng,Số sàn,Dầu,Việt Nam,,,,,,560.000.000 đ
Mercedes Benz,C Class,2016,60000,Đã sử dụng,Tự động,Xăng,Đức,,,,,,888.000.000 đ
Kia,Morning,2012,90000,Đã sử dụng,Số sàn,Xăng,Việt Nam,,,,,,95.000.000 đ
Honda,City,2021,18000,Đã sử dụng,Tự động,Xăng,Nhật Bản,,,,,,487.000.000 đ
Mercedes Benz,C Class,2016,60000,Đã sử dụng,Tự động,Xăng,Đức,,,,,,888.000.000 đ
Toyota,Innova,2015,122377,Đã sử dụng,Số sàn,Xăng,Việt Nam,,,,,,355.000.000 đ
Ford,Ranger,2021,10000,Đã sử dụng,Tự động,Dầu,Thái Lan,,,,,,670.000.000 đ
Mazda,3,2018,66000,Đã sử dụng,Tự động,Xăng,Đang cập nhật,,,,,,455.000.000 đ
Ford,Transit,2018,92000,Đã sử dụng,Số sàn,Dầu,,Minivan (MPV),,,,,530.000.000 đ
Hyundai,Accent,2023,,Mới,Tự động,Xăng,Việt Nam,Sedan,,,,,470.000.000 đ
Hyundai,Palisade,2023,,Mới,Tự động,Xăng,Việt Nam,SUV / Cross over,,,,,1.469.000.000 đ
Toyota,Fortuner,2018,80000,Đã sử dụng,Số sàn,Dầu,Thái Lan,,,,,,735.000.000 đ
Volkswagen,Tiguan,2022,,Mới,Tự động,Xăng,Đức,Sedan,,,,,1.499.000.000 đ
